,0,1,2,3,4,5,6,7,8
0,0.197904694849,-0.702212009952,-0.741773619824,-0.639365529957,-0.555608495861,-0.698853088286,-0.181827157677,-0.612927363713,-0.348399707431
1,0.197904694849,0.277251848722,0.262782987591,0.758031772317,1.69516613447,1.7728672418,-0.181827157677,-0.285104819143,-0.348399707431
2,-0.511643371198,-0.702212009952,-0.741773619824,-0.639365529957,-0.555608495861,-0.424217496054,-0.181827157677,-0.612927363713,-0.348399707431
3,0.552678727873,1.58320366029,1.60219179748,-0.639365529957,-0.105453569796,0.12505368841,-0.181827157677,1.35400790371,-0.348399707431
4,-0.156869338174,-0.702212009952,-0.741773619824,0.05933312118,-0.555608495861,-0.698853088286,-0.181827157677,-0.612927363713,-0.348399707431
5,1.26222679392,2.23617956607,2.27189620242,1.80607974902,1.69516613447,1.7728672418,2.26925077706,1.35400790371,-0.348399707431
6,-1.22119143725,-0.702212009952,-0.741773619824,-0.639365529957,-0.555608495861,1.7728672418,-0.181827157677,-0.612927363713,-0.348399707431
7,-0.866417404222,-0.702212009952,-0.406921417352,-0.639365529957,-0.555608495861,-0.698853088286,-0.181827157677,-0.612927363713,-0.348399707431
8,-0.866417404222,-0.702212009952,-0.741773619824,-0.639365529957,-0.555608495861,-0.698853088286,-0.998853135923,-0.612927363713,1.96186243019
9,-0.156869338174,-0.375724057061,-0.741773619824,-0.639365529957,-0.555608495861,-0.698853088286,-0.5903401468,-0.612927363713,-0.348399707431
10,-1.22119143725,-0.702212009952,-0.741773619824,-0.639365529957,-1.00576342193,-0.698853088286,-0.181827157677,-0.612927363713,-0.348399707431
11,-0.866417404222,-0.702212009952,-0.741773619824,-0.639365529957,-0.555608495861,-0.698853088286,-0.5903401468,-0.612927363713,-0.348399707431
12,0.197904694849,-0.0492361041696,-0.0720692148805,0.05933312118,-0.555608495861,-0.149581903822,0.226685831446,0.370540269997,-0.348399707431
13,-1.22119143725,-0.702212009952,-0.741773619824,-0.639365529957,-0.555608495861,-0.149581903822,-0.181827157677,-0.612927363713,-0.348399707431
14,1.26222679392,1.2567157074,0.597635190063,2.50477840016,1.69516613447,1.49823164957,0.635198820569,0.698362814567,1.38429689579
15,0.907452760897,0.277251848722,0.932487392535,0.408682446748,1.2450112084,-0.698853088286,0.226685831446,0.0427177254271,-0.348399707431
16,-0.156869338174,-0.702212009952,-0.741773619824,-0.639365529957,-0.555608495861,-0.698853088286,-0.5903401468,-0.612927363713,-0.348399707431
17,-0.156869338174,-0.702212009952,-0.741773619824,-0.639365529957,-0.555608495861,-0.698853088286,-0.181827157677,-0.612927363713,-0.348399707431
18,1.97177485997,1.2567157074,1.26733959501,1.10738109788,0.34470135627,1.7728672418,0.226685831446,-0.612927363713,0.229165826975
19,0.552678727873,-0.702212009952,-0.741773619824,-0.639365529957,-0.555608495861,-0.698853088286,-0.181827157677,-0.612927363713,-0.348399707431
20,0.907452760897,-0.0492361041696,-0.406921417352,2.50477840016,0.794856282335,1.7728672418,0.635198820569,0.370540269997,1.38429689579
21,1.97177485997,0.603739801613,0.597635190063,0.05933312118,1.2450112084,0.948960465107,1.45222479881,2.33747553742,-0.348399707431
22,-0.511643371198,-0.702212009952,-0.741773619824,-0.639365529957,-0.555608495861,-0.698853088286,-0.5903401468,-0.612927363713,-0.348399707431
23,-1.22119143725,-0.702212009952,-0.741773619824,-0.639365529957,-0.555608495861,-0.698853088286,-0.181827157677,-0.612927363713,-0.348399707431
24,0.197904694849,-0.375724057061,-0.0720692148805,0.408682446748,-0.555608495861,0.948960465107,-0.181827157677,1.02618535914,-0.348399707431
25,-0.511643371198,-0.375724057061,-0.741773619824,-0.639365529957,-1.00576342193,-0.698853088286,-0.5903401468,-0.612927363713,-0.348399707431
26,0.197904694849,-0.702212009952,-0.741773619824,-0.639365529957,-0.555608495861,-0.698853088286,-0.5903401468,-0.612927363713,-0.348399707431
27,-0.866417404222,-0.702212009952,-0.741773619824,-0.639365529957,-0.555608495861,-0.698853088286,-0.5903401468,-0.612927363713,-0.348399707431
28,-1.22119143725,-0.702212009952,-0.0720692148805,-0.639365529957,-0.555608495861,-0.698853088286,-0.998853135923,-0.612927363713,-0.348399707431
29,-0.511643371198,-0.702212009952,-0.741773619824,-0.639365529957,-1.00576342193,-0.698853088286,-0.5903401468,-0.612927363713,-0.348399707431
30,-0.866417404222,-0.702212009952,-0.741773619824,-0.639365529957,-0.555608495861,-0.698853088286,-0.181827157677,-0.612927363713,-0.348399707431
31,1.97177485997,1.2567157074,1.26733959501,0.05933312118,2.14532106053,0.399689280642,1.45222479881,0.370540269997,0.806731361382
32,-0.866417404222,-0.702212009952,-0.741773619824,-0.290016204388,-0.555608495861,-0.698853088286,-0.181827157677,-0.612927363713,-0.348399707431
33,-0.511643371198,-0.702212009952,-0.406921417352,-0.639365529957,-0.555608495861,-0.698853088286,-0.5903401468,-0.612927363713,-0.348399707431
34,-0.866417404222,-0.702212009952,-0.741773619824,-0.639365529957,-0.555608495861,-0.698853088286,-0.5903401468,-0.612927363713,-0.348399707431
35,1.97177485997,2.23617956607,2.27189620242,1.80607974902,1.2450112084,-0.698853088286,1.86073778794,2.00965299285,-0.348399707431
36,0.552678727873,-0.375724057061,-0.741773619824,-0.639365529957,-1.00576342193,-0.698853088286,1.45222479881,-0.612927363713,-0.348399707431
37,0.197904694849,0.277251848722,0.262782987591,2.15542907459,-0.555608495861,1.7728672418,0.635198820569,1.02618535914,-0.348399707431
38,-0.866417404222,0.603739801613,-0.0720692148805,0.05933312118,1.2450112084,0.948960465107,1.45222479881,0.698362814567,-0.348399707431
39,1.97177485997,0.277251848722,-0.0720692148805,-0.639365529957,-0.105453569796,-0.149581903822,1.04371180969,0.698362814567,0.229165826975
40,0.552678727873,2.23617956607,2.27189620242,-0.290016204388,2.14532106053,1.7728672418,1.45222479881,0.0427177254271,0.806731361382
41,0.197904694849,0.930227754505,0.597635190063,1.10738109788,3.04563091266,-0.698853088286,-0.181827157677,-0.612927363713,-0.348399707431
42,1.97177485997,2.23617956607,2.27189620242,0.408682446748,2.14532106053,-0.698853088286,1.86073778794,2.33747553742,-0.348399707431
43,-1.22119143725,-0.702212009952,-0.741773619824,-0.639365529957,-0.555608495861,-0.698853088286,-0.5903401468,-0.612927363713,0.229165826975
44,-0.511643371198,1.2567157074,1.26733959501,0.408682446748,0.34470135627,1.49823164957,0.226685831446,1.68183044828,-0.348399707431
45,-1.22119143725,-0.702212009952,-0.741773619824,-0.639365529957,-0.555608495861,-0.698853088286,-0.5903401468,-0.612927363713,-0.348399707431
46,-0.156869338174,-0.702212009952,-0.741773619824,0.05933312118,-0.555608495861,-0.698853088286,-0.181827157677,-0.612927363713,-0.348399707431
47,0.907452760897,1.58320366029,1.26733959501,-0.290016204388,0.34470135627,1.22359605734,-0.181827157677,1.68183044828,0.229165826975
48,1.61700082694,0.603739801613,1.60219179748,-0.639365529957,-0.555608495861,-0.149581903822,-0.5903401468,-0.612927363713,1.96186243019
49,0.197904694849,-0.0492361041696,-0.0720692148805,0.408682446748,-0.555608495861,0.12505368841,-0.181827157677,0.370540269997,-0.348399707431
50,1.97177485997,-0.0492361041696,0.932487392535,-0.290016204388,-0.105453569796,0.399689280642,0.226685831446,2.33747553742,0.229165826975
51,0.197904694849,0.603739801613,0.597635190063,1.80607974902,3.04563091266,1.22359605734,1.45222479881,0.0427177254271,3.11699349901
52,1.97177485997,0.603739801613,0.597635190063,1.10738109788,2.14532106053,1.22359605734,1.45222479881,-0.612927363713,-0.348399707431
53,1.97177485997,0.930227754505,0.932487392535,0.05933312118,0.34470135627,0.399689280642,-0.181827157677,1.02618535914,-0.348399707431
54,1.26222679392,2.23617956607,2.27189620242,-0.639365529957,-0.105453569796,0.674324872874,-0.181827157677,2.00965299285,-0.348399707431
55,1.26222679392,-0.375724057061,0.262782987591,-0.639365529957,0.794856282335,-0.698853088286,0.635198820569,0.370540269997,1.38429689579
56,0.197904694849,-0.375724057061,-0.0720692148805,-0.639365529957,1.2450112084,1.7728672418,0.635198820569,-0.612927363713,-0.348399707431
57,1.61700082694,0.603739801613,0.597635190063,-0.290016204388,-0.555608495861,-0.424217496054,0.635198820569,-0.612927363713,-0.348399707431
58,0.197904694849,-0.0492361041696,0.597635190063,0.758031772317,-0.105453569796,-0.149581903822,0.226685831446,2.33747553742,-0.348399707431
59,-1.22119143725,-0.702212009952,-0.741773619824,-0.639365529957,-0.555608495861,-0.424217496054,-0.5903401468,-0.612927363713,-0.348399707431
60,1.61700082694,2.23617956607,2.27189620242,-0.639365529957,3.04563091266,1.22359605734,-0.181827157677,0.0427177254271,-0.348399707431
61,0.552678727873,-0.0492361041696,0.262782987591,-0.639365529957,0.794856282335,-0.424217496054,-0.181827157677,2.00965299285,-0.348399707431
62,-1.22119143725,-0.702212009952,-0.741773619824,-0.639365529957,-0.555608495861,-0.698853088286,-0.5903401468,-0.612927363713,-0.348399707431
63,1.97177485997,0.277251848722,-0.406921417352,-0.639365529957,-0.105453569796,-0.424217496054,0.226685831446,0.0427177254271,4.84969010223
64,-0.156869338174,-0.702212009952,-0.741773619824,-0.639365529957,-0.555608495861,-0.698853088286,-0.181827157677,-0.612927363713,-0.348399707431
65,0.197904694849,-0.0492361041696,0.262782987591,-0.639365529957,2.14532106053,1.7728672418,0.226685831446,2.00965299285,-0.348399707431
66,1.26222679392,-0.0492361041696,1.60219179748,0.05933312118,0.34470135627,1.49823164957,1.86073778794,2.00965299285,3.69455903341
67,-1.22119143725,-0.702212009952,-0.741773619824,-0.639365529957,-0.555608495861,-0.698853088286,-0.181827157677,-0.285104819143,-0.348399707431
68,0.197904694849,-0.702212009952,-0.0720692148805,-0.639365529957,-0.555608495861,-0.698853088286,-0.5903401468,-0.612927363713,-0.348399707431
69,0.552678727873,2.23617956607,-0.406921417352,1.80607974902,3.04563091266,-0.424217496054,1.45222479881,1.68183044828,4.84969010223
70,-1.22119143725,-0.0492361041696,-0.0720692148805,-0.290016204388,-0.555608495861,-0.698853088286,1.45222479881,-0.285104819143,-0.348399707431
71,1.61700082694,0.277251848722,0.597635190063,2.50477840016,1.2450112084,1.7728672418,0.226685831446,1.68183044828,-0.348399707431
72,1.97177485997,0.930227754505,0.262782987591,-0.639365529957,-0.105453569796,0.12505368841,-0.181827157677,-0.285104819143,0.806731361382
73,-1.22119143725,-0.702212009952,-0.406921417352,-0.639365529957,-0.555608495861,-0.424217496054,0.226685831446,-0.285104819143,-0.348399707431
74,-1.22119143725,-0.702212009952,0.262782987591,-0.639365529957,-0.555608495861,-0.698853088286,-0.5903401468,-0.612927363713,-0.348399707431
75,0.197904694849,-0.0492361041696,-0.741773619824,-0.290016204388,-0.555608495861,-0.698853088286,-0.5903401468,-0.612927363713,-0.348399707431
76,-0.511643371198,-0.702212009952,-0.741773619824,-0.639365529957,-0.555608495861,-0.149581903822,-0.181827157677,-0.612927363713,-0.348399707431
77,-0.866417404222,-0.702212009952,-0.741773619824,-0.639365529957,-0.105453569796,-0.698853088286,-0.5903401468,-0.612927363713,-0.348399707431
78,-0.866417404222,-0.375724057061,-0.406921417352,-0.639365529957,-1.00576342193,-0.698853088286,1.45222479881,-0.612927363713,-0.348399707431
79,-0.156869338174,-0.702212009952,-0.741773619824,-0.290016204388,-0.555608495861,-0.698853088286,-0.5903401468,-0.612927363713,-0.348399707431
80,0.197904694849,-0.375724057061,-0.741773619824,-0.639365529957,-0.555608495861,-0.698853088286,-0.181827157677,-0.612927363713,-0.348399707431
81,-0.511643371198,-0.702212009952,-0.741773619824,-0.639365529957,-0.555608495861,-0.424217496054,1.45222479881,-0.612927363713,-0.348399707431
82,-0.511643371198,0.603739801613,1.26733959501,1.80607974902,2.14532106053,1.49823164957,1.45222479881,2.33747553742,3.11699349901
83,0.197904694849,2.23617956607,0.932487392535,-0.639365529957,3.04563091266,0.12505368841,0.226685831446,2.33747553742,4.84969010223
84,-0.511643371198,-0.0492361041696,0.932487392535,0.408682446748,0.794856282335,1.22359605734,0.226685831446,0.370540269997,-0.348399707431
85,-0.511643371198,0.930227754505,0.932487392535,1.10738109788,0.794856282335,1.7728672418,1.04371180969,1.68183044828,0.806731361382
86,-0.156869338174,-0.702212009952,-0.741773619824,-0.639365529957,-0.555608495861,-0.698853088286,-0.181827157677,-0.612927363713,-0.348399707431
87,-0.866417404222,-0.702212009952,-0.741773619824,-0.290016204388,-0.105453569796,-0.698853088286,-0.5903401468,-0.612927363713,-0.348399707431
88,-1.22119143725,-0.702212009952,-0.741773619824,-0.639365529957,-0.555608495861,-0.698853088286,-0.181827157677,-0.612927363713,-0.348399707431
89,-0.511643371198,-0.702212009952,-0.741773619824,-0.290016204388,-0.555608495861,-0.698853088286,-0.998853135923,-0.612927363713,-0.348399707431
90,-0.156869338174,-0.702212009952,-0.741773619824,-0.639365529957,-0.555608495861,-0.698853088286,-0.181827157677,-0.612927363713,-0.348399707431
91,-1.22119143725,-0.702212009952,-0.741773619824,-0.639365529957,-0.555608495861,-0.698853088286,-0.5903401468,-0.612927363713,-0.348399707431
92,-0.866417404222,-0.702212009952,-0.741773619824,-0.639365529957,-0.555608495861,-0.698853088286,-0.181827157677,-0.612927363713,-0.348399707431
93,-1.22119143725,-0.702212009952,-0.741773619824,-0.639365529957,-0.555608495861,-0.698853088286,-0.181827157677,-0.612927363713,-0.348399707431
94,-0.866417404222,-0.702212009952,-0.741773619824,-0.290016204388,-0.555608495861,-0.698853088286,-0.998853135923,-0.612927363713,-0.348399707431
95,0.197904694849,-0.702212009952,-0.741773619824,-0.639365529957,-0.555608495861,-0.698853088286,-0.181827157677,-0.612927363713,-0.348399707431
96,1.61700082694,0.930227754505,1.93704399995,-0.290016204388,3.04563091266,0.674324872874,-0.5903401468,2.00965299285,4.84969010223
97,0.907452760897,0.603739801613,0.932487392535,2.50477840016,0.794856282335,1.7728672418,1.45222479881,2.00965299285,1.38429689579
98,1.97177485997,-0.0492361041696,0.597635190063,-0.639365529957,3.04563091266,0.399689280642,-0.181827157677,2.33747553742,0.229165826975
99,-0.866417404222,-0.0492361041696,0.262782987591,0.408682446748,-0.555608495861,0.399689280642,-0.5903401468,0.698362814567,-0.348399707431
100,-0.156869338174,-0.702212009952,-0.406921417352,-0.639365529957,-0.555608495861,-0.698853088286,-0.181827157677,-0.612927363713,-0.348399707431
101,1.26222679392,-0.375724057061,-0.0720692148805,-0.639365529957,1.2450112084,-0.149581903822,1.45222479881,-0.612927363713,-0.348399707431
102,1.97177485997,2.23617956607,2.27189620242,2.50477840016,3.04563091266,-0.698853088286,1.86073778794,1.68183044828,3.69455903341
103,0.907452760897,-0.0492361041696,0.262782987591,0.408682446748,-0.105453569796,-0.149581903822,-0.181827157677,-0.285104819143,3.11699349901
104,1.97177485997,2.23617956607,2.27189620242,1.80607974902,-0.555608495861,1.7728672418,0.226685831446,-0.612927363713,-0.348399707431
105,-1.22119143725,0.930227754505,1.60219179748,2.50477840016,2.14532106053,1.7728672418,0.635198820569,1.35400790371,-0.348399707431
106,-1.22119143725,-0.702212009952,-0.741773619824,-0.639365529957,-0.555608495861,-0.698853088286,-0.5903401468,0.0427177254271,-0.348399707431
107,0.552678727873,0.603739801613,0.262782987591,0.408682446748,-0.105453569796,1.49823164957,1.45222479881,1.68183044828,0.806731361382
108,-1.22119143725,-0.0492361041696,-0.741773619824,-0.290016204388,-0.555608495861,-0.424217496054,0.635198820569,0.0427177254271,0.229165826975
109,1.26222679392,0.930227754505,0.262782987591,0.05933312118,0.794856282335,1.49823164957,-0.181827157677,-0.612927363713,-0.348399707431
110,1.97177485997,-0.0492361041696,-0.0720692148805,2.50477840016,-0.555608495861,1.7728672418,1.45222479881,0.0427177254271,0.806731361382
111,1.97177485997,2.23617956607,2.27189620242,0.05933312118,3.04563091266,1.22359605734,1.86073778794,-0.612927363713,-0.348399707431
112,-0.511643371198,-0.0492361041696,-0.406921417352,-0.639365529957,-0.555608495861,-0.149581903822,-0.181827157677,-0.612927363713,-0.348399707431
113,-1.22119143725,-0.702212009952,-0.741773619824,-0.639365529957,-0.555608495861,0.399689280642,-0.998853135923,-0.612927363713,-0.348399707431
114,1.26222679392,-0.0492361041696,-0.0720692148805,-0.639365529957,-0.555608495861,-0.424217496054,-0.181827157677,-0.285104819143,-0.348399707431
115,-0.156869338174,0.603739801613,0.597635190063,2.50477840016,0.34470135627,1.7728672418,1.45222479881,0.698362814567,3.69455903341
116,-1.22119143725,-0.702212009952,-0.741773619824,-0.639365529957,0.34470135627,-0.149581903822,-0.998853135923,-0.612927363713,-0.348399707431
117,-0.511643371198,-0.375724057061,-0.741773619824,-0.639365529957,-0.555608495861,-0.424217496054,-0.181827157677,-0.612927363713,-0.348399707431
118,-1.22119143725,-0.702212009952,-0.406921417352,-0.290016204388,-0.555608495861,-0.698853088286,-0.181827157677,-0.612927363713,-0.348399707431
119,-0.156869338174,-0.375724057061,-0.741773619824,-0.639365529957,-0.555608495861,-0.424217496054,-0.181827157677,-0.612927363713,-0.348399707431
120,1.97177485997,2.23617956607,2.27189620242,-0.290016204388,3.04563091266,1.7728672418,0.635198820569,0.0427177254271,0.806731361382
121,0.197904694849,-0.0492361041696,0.597635190063,-0.639365529957,2.14532106053,1.7728672418,0.635198820569,0.0427177254271,-0.348399707431
122,0.197904694849,0.277251848722,0.932487392535,1.45673042345,2.5954759866,0.948960465107,1.86073778794,2.33747553742,-0.348399707431
123,-1.22119143725,-0.702212009952,-0.741773619824,-0.639365529957,-0.555608495861,-0.698853088286,-0.5903401468,-0.612927363713,-0.348399707431
124,0.907452760897,0.603739801613,-0.0720692148805,1.45673042345,0.34470135627,1.7728672418,1.45222479881,0.698362814567,1.96186243019
125,-0.511643371198,-0.702212009952,-0.741773619824,-0.639365529957,-0.555608495861,-0.698853088286,-0.181827157677,-0.612927363713,-0.348399707431
126,1.26222679392,-0.0492361041696,0.597635190063,0.408682446748,0.794856282335,1.7728672418,-0.998853135923,1.02618535914,0.229165826975
127,-1.22119143725,-0.702212009952,-0.741773619824,-0.639365529957,3.04563091266,-0.698853088286,-0.998853135923,-0.612927363713,-0.348399707431
128,0.197904694849,-0.702212009952,-0.0720692148805,-0.639365529957,-0.555608495861,-0.698853088286,-0.5903401468,-0.612927363713,-0.348399707431
129,-0.866417404222,-0.702212009952,-0.741773619824,-0.639365529957,-0.555608495861,-0.698853088286,-0.181827157677,-0.612927363713,-0.348399707431
130,0.197904694849,2.23617956607,1.60219179748,2.50477840016,2.14532106053,1.7728672418,-0.181827157677,1.02618535914,0.806731361382
131,-0.511643371198,-0.702212009952,-0.741773619824,-0.639365529957,-0.555608495861,-0.698853088286,-0.5903401468,-0.285104819143,-0.348399707431
132,-0.511643371198,-0.702212009952,-0.741773619824,-0.639365529957,-0.105453569796,-0.698853088286,-0.5903401468,-0.612927363713,-0.348399707431
133,0.197904694849,-0.702212009952,-0.741773619824,-0.639365529957,-0.555608495861,-0.424217496054,-0.181827157677,0.0427177254271,-0.348399707431
134,-0.156869338174,-0.702212009952,-0.741773619824,-0.639365529957,-0.555608495861,-0.698853088286,-0.5903401468,-0.612927363713,-0.348399707431
135,-0.511643371198,-0.702212009952,-0.741773619824,-0.639365529957,-0.555608495861,-0.698853088286,-0.998853135923,-0.612927363713,-0.348399707431
136,-0.156869338174,-0.702212009952,-0.406921417352,-0.639365529957,-0.555608495861,-0.698853088286,-0.5903401468,-0.612927363713,-0.348399707431
137,-0.511643371198,-0.702212009952,-0.741773619824,-0.639365529957,-0.555608495861,-0.698853088286,-0.998853135923,-0.612927363713,-0.348399707431
138,-0.866417404222,-0.702212009952,-0.741773619824,-0.639365529957,-0.555608495861,-0.698853088286,-0.998853135923,-0.612927363713,-0.348399707431
139,1.61700082694,0.603739801613,0.597635190063,0.408682446748,0.34470135627,0.399689280642,0.226685831446,0.0427177254271,0.806731361382
140,-1.22119143725,-0.702212009952,-0.741773619824,-0.639365529957,-0.555608495861,0.399689280642,-0.998853135923,-0.612927363713,-0.348399707431
141,-0.866417404222,-0.702212009952,-0.741773619824,-0.639365529957,-0.555608495861,-0.698853088286,-0.5903401468,-0.612927363713,-0.348399707431
142,-0.511643371198,0.277251848722,0.597635190063,-0.290016204388,1.2450112084,1.22359605734,0.226685831446,-0.612927363713,-0.348399707431
143,-1.22119143725,-0.702212009952,-0.741773619824,-0.639365529957,-0.105453569796,-0.424217496054,-0.5903401468,-0.612927363713,-0.348399707431
144,-0.511643371198,-0.702212009952,-0.741773619824,0.05933312118,2.14532106053,-0.698853088286,0.635198820569,1.68183044828,-0.348399707431
145,1.26222679392,1.58320366029,1.26733959501,0.408682446748,3.04563091266,1.7728672418,1.45222479881,1.68183044828,3.11699349901
146,-1.22119143725,-0.702212009952,-0.741773619824,-0.639365529957,-1.00576342193,-0.698853088286,-0.181827157677,-0.612927363713,-0.348399707431
147,0.907452760897,-0.375724057061,0.262782987591,-0.639365529957,1.2450112084,1.7728672418,0.635198820569,0.370540269997,0.806731361382
148,1.97177485997,2.23617956607,1.60219179748,1.10738109788,0.34470135627,0.399689280642,1.86073778794,2.33747553742,-0.348399707431
149,-0.156869338174,-0.702212009952,-0.741773619824,-0.639365529957,-0.555608495861,-0.149581903822,-0.998853135923,-0.612927363713,-0.348399707431
150,-1.22119143725,-0.702212009952,-0.741773619824,-0.639365529957,-0.555608495861,-0.698853088286,-0.998853135923,-0.612927363713,-0.348399707431
151,0.197904694849,0.603739801613,0.597635190063,1.10738109788,-0.105453569796,1.7728672418,-0.181827157677,-0.612927363713,-0.348399707431
152,-1.22119143725,-0.375724057061,-0.406921417352,-0.639365529957,-0.555608495861,-0.698853088286,-0.5903401468,-0.612927363713,-0.348399707431
153,-0.866417404222,-0.702212009952,-0.741773619824,-0.639365529957,-0.555608495861,-0.698853088286,-0.181827157677,-0.612927363713,-0.348399707431
154,1.61700082694,1.90969161318,2.27189620242,0.05933312118,1.2450112084,1.7728672418,1.45222479881,2.33747553742,2.5394279646
155,1.97177485997,1.2567157074,1.26733959501,0.408682446748,0.794856282335,1.7728672418,0.635198820569,1.35400790371,0.229165826975
156,-0.156869338174,-0.702212009952,-0.741773619824,-0.639365529957,-0.555608495861,-0.698853088286,-0.181827157677,-0.285104819143,-0.348399707431
157,-0.511643371198,-0.702212009952,-0.741773619824,-0.639365529957,-0.555608495861,-0.698853088286,-0.181827157677,-0.612927363713,-0.348399707431
158,-1.22119143725,-0.702212009952,-0.741773619824,-0.290016204388,-1.00576342193,-0.149581903822,-0.998853135923,-0.612927363713,3.11699349901
159,-0.156869338174,-0.702212009952,-0.741773619824,-0.639365529957,-0.555608495861,-0.424217496054,-0.181827157677,-0.285104819143,-0.348399707431
160,0.197904694849,0.930227754505,1.26733959501,1.80607974902,2.14532106053,1.7728672418,-0.181827157677,2.33747553742,0.806731361382
161,1.97177485997,1.58320366029,2.27189620242,2.50477840016,1.2450112084,-0.698853088286,-0.181827157677,-0.612927363713,4.84969010223
162,-0.511643371198,-0.702212009952,-0.741773619824,-0.639365529957,-0.555608495861,-0.698853088286,-0.181827157677,-0.612927363713,-0.348399707431
163,-1.22119143725,-0.702212009952,-0.741773619824,-0.290016204388,-1.00576342193,-0.698853088286,-0.998853135923,-0.612927363713,-0.348399707431
164,-0.511643371198,-0.702212009952,-0.741773619824,-0.639365529957,-0.555608495861,-0.698853088286,-0.998853135923,-0.612927363713,-0.348399707431
165,-1.22119143725,-0.702212009952,-0.741773619824,-0.639365529957,-0.555608495861,-0.698853088286,-0.181827157677,-0.612927363713,-0.348399707431
166,-1.22119143725,-0.702212009952,-0.741773619824,-0.639365529957,-0.555608495861,-0.698853088286,-0.5903401468,-0.612927363713,-0.348399707431
167,0.552678727873,2.23617956607,2.27189620242,2.50477840016,2.14532106053,1.7728672418,2.67776376618,2.33747553742,3.11699349901
168,1.26222679392,0.930227754505,0.597635190063,0.408682446748,-0.105453569796,1.7728672418,1.04371180969,-0.612927363713,-0.348399707431
169,0.197904694849,1.58320366029,1.26733959501,1.45673042345,3.04563091266,1.7728672418,0.635198820569,1.35400790371,-0.348399707431
170,-0.866417404222,-0.702212009952,-0.741773619824,-0.639365529957,-0.555608495861,-0.698853088286,-0.181827157677,-0.612927363713,-0.348399707431
171,0.197904694849,2.23617956607,2.27189620242,0.05933312118,2.14532106053,-0.698853088286,0.635198820569,2.33747553742,0.806731361382
172,-0.156869338174,-0.702212009952,-0.741773619824,-0.639365529957,-0.555608495861,-0.698853088286,-0.181827157677,-0.612927363713,-0.348399707431
173,0.197904694849,-0.0492361041696,-0.0720692148805,0.05933312118,1.2450112084,1.7728672418,-0.181827157677,-0.612927363713,-0.348399707431
174,-1.22119143725,-0.702212009952,-0.741773619824,-0.639365529957,-1.00576342193,-0.698853088286,-0.181827157677,-0.612927363713,-0.348399707431
175,-1.22119143725,-0.702212009952,-0.741773619824,-0.639365529957,-0.555608495861,-0.698853088286,-0.998853135923,-0.612927363713,-0.348399707431
176,0.552678727873,-0.702212009952,-0.741773619824,-0.639365529957,-0.555608495861,-0.698853088286,-0.181827157677,-0.612927363713,-0.348399707431
177,0.197904694849,1.58320366029,1.60219179748,1.80607974902,0.794856282335,1.7728672418,1.45222479881,1.68183044828,-0.348399707431
178,1.26222679392,1.2567157074,0.932487392535,0.408682446748,0.34470135627,1.7728672418,0.635198820569,-0.612927363713,-0.348399707431
179,-0.866417404222,-0.702212009952,-0.741773619824,-0.639365529957,-1.00576342193,-0.698853088286,-0.181827157677,-0.612927363713,-0.348399707431
180,-1.22119143725,0.603739801613,1.60219179748,1.10738109788,0.794856282335,1.22359605734,1.45222479881,2.33747553742,-0.348399707431
181,1.97177485997,0.603739801613,0.932487392535,2.50477840016,1.2450112084,1.7728672418,1.45222479881,1.35400790371,4.84969010223
182,0.197904694849,1.58320366029,0.262782987591,2.50477840016,0.794856282335,1.22359605734,2.26925077706,2.33747553742,-0.348399707431
183,-1.22119143725,-0.375724057061,-0.0720692148805,-0.639365529957,-0.555608495861,-0.698853088286,-0.181827157677,-0.612927363713,-0.348399707431
184,1.97177485997,2.23617956607,2.27189620242,1.80607974902,1.2450112084,1.22359605734,1.45222479881,2.33747553742,-0.348399707431
185,0.907452760897,0.603739801613,2.27189620242,2.50477840016,3.04563091266,1.7728672418,0.226685831446,2.33747553742,0.806731361382
186,0.197904694849,-0.702212009952,-0.741773619824,-0.639365529957,-0.555608495861,-0.698853088286,-0.5903401468,-0.612927363713,-0.348399707431
187,-1.22119143725,-0.702212009952,-0.741773619824,-0.639365529957,-0.555608495861,-0.698853088286,-0.181827157677,-0.612927363713,-0.348399707431
188,-0.511643371198,-0.702212009952,-0.741773619824,-0.639365529957,-0.555608495861,-0.698853088286,-0.181827157677,-0.612927363713,-0.348399707431
189,-0.156869338174,-0.702212009952,-0.741773619824,-0.639365529957,-0.555608495861,-0.698853088286,-0.181827157677,-0.612927363713,-0.348399707431
190,1.26222679392,0.277251848722,0.262782987591,0.758031772317,0.34470135627,0.948960465107,1.45222479881,1.68183044828,0.229165826975
191,0.197904694849,-0.702212009952,-0.741773619824,0.408682446748,-0.555608495861,-0.698853088286,-0.181827157677,-0.612927363713,-0.348399707431
192,-1.22119143725,-0.702212009952,-0.741773619824,-0.639365529957,-0.555608495861,-0.698853088286,-0.998853135923,-0.612927363713,-0.348399707431
193,-0.511643371198,-0.702212009952,-0.741773619824,-0.639365529957,-0.555608495861,-0.698853088286,-0.5903401468,-0.612927363713,-0.348399707431
194,1.61700082694,1.2567157074,1.26733959501,0.758031772317,0.794856282335,1.7728672418,1.45222479881,1.68183044828,0.806731361382
195,1.97177485997,1.58320366029,1.60219179748,0.408682446748,3.04563091266,1.7728672418,1.86073778794,-0.612927363713,-0.348399707431
196,-1.22119143725,-0.702212009952,-0.741773619824,-0.639365529957,-0.555608495861,-0.698853088286,-0.181827157677,-0.612927363713,-0.348399707431
197,0.197904694849,-0.702212009952,-0.741773619824,-0.639365529957,-0.555608495861,-0.698853088286,-0.181827157677,-0.612927363713,-0.348399707431
198,-1.22119143725,-0.702212009952,-0.741773619824,-0.639365529957,-0.555608495861,-0.698853088286,-0.181827157677,-0.612927363713,-0.348399707431
199,0.197904694849,2.23617956607,2.27189620242,2.15542907459,1.2450112084,1.7728672418,1.45222479881,2.33747553742,1.96186243019
200,1.97177485997,2.23617956607,1.93704399995,0.05933312118,1.69516613447,0.399689280642,-0.181827157677,0.698362814567,-0.348399707431
201,-1.22119143725,-0.702212009952,-0.741773619824,-0.639365529957,-1.00576342193,-0.698853088286,-0.181827157677,-0.612927363713,-0.348399707431
202,-1.22119143725,-0.702212009952,-0.741773619824,-0.639365529957,-1.00576342193,-0.698853088286,-0.181827157677,-0.612927363713,-0.348399707431
203,0.197904694849,-0.702212009952,-0.741773619824,-0.639365529957,-1.00576342193,-0.698853088286,-0.181827157677,-0.612927363713,-0.348399707431
204,1.26222679392,2.23617956607,2.27189620242,2.50477840016,0.794856282335,1.7728672418,1.86073778794,2.33747553742,2.5394279646
205,1.26222679392,2.23617956607,1.60219179748,1.80607974902,0.34470135627,1.22359605734,1.45222479881,1.35400790371,-0.348399707431
206,-1.22119143725,-0.702212009952,-0.741773619824,-0.639365529957,-0.555608495861,-0.698853088286,-0.181827157677,-0.612927363713,-0.348399707431
207,1.97177485997,2.23617956607,2.27189620242,2.50477840016,1.69516613447,1.7728672418,1.45222479881,2.33747553742,1.38429689579
208,1.97177485997,2.23617956607,2.27189620242,2.50477840016,-0.105453569796,1.7728672418,2.67776376618,1.02618535914,-0.348399707431
209,1.26222679392,1.2567157074,1.60219179748,1.45673042345,0.794856282335,0.399689280642,0.635198820569,2.33747553742,0.229165826975
210,-1.22119143725,-0.702212009952,-0.741773619824,-0.639365529957,-0.555608495861,-0.698853088286,-0.5903401468,-0.612927363713,-0.348399707431
211,-1.22119143725,-0.702212009952,-0.741773619824,-0.639365529957,-0.555608495861,-0.698853088286,-0.181827157677,-0.612927363713,-0.348399707431
212,0.552678727873,2.23617956607,1.26733959501,1.45673042345,1.2450112084,0.12505368841,1.86073778794,2.33747553742,0.229165826975
213,0.552678727873,-0.702212009952,-0.0720692148805,-0.639365529957,-0.555608495861,-0.698853088286,-0.181827157677,-0.612927363713,-0.348399707431
214,-1.22119143725,-0.702212009952,-0.741773619824,-0.290016204388,-0.555608495861,-0.698853088286,-0.181827157677,-0.612927363713,-0.348399707431
215,1.97177485997,0.930227754505,0.262782987591,0.05933312118,3.04563091266,1.7728672418,2.26925077706,2.33747553742,-0.348399707431
216,-0.156869338174,-0.702212009952,-0.741773619824,0.05933312118,-1.00576342193,0.399689280642,-0.5903401468,-0.612927363713,-0.348399707431
217,0.907452760897,0.603739801613,0.932487392535,0.05933312118,-0.105453569796,1.22359605734,1.45222479881,0.370540269997,-0.348399707431
218,1.97177485997,0.603739801613,0.597635190063,1.10738109788,-0.105453569796,1.7728672418,1.45222479881,2.00965299285,0.229165826975
219,-1.22119143725,-0.702212009952,-0.741773619824,-0.639365529957,-0.555608495861,-0.698853088286,-0.5903401468,-0.612927363713,-0.348399707431
220,1.97177485997,0.603739801613,1.26733959501,0.408682446748,0.34470135627,1.7728672418,1.86073778794,2.00965299285,-0.348399707431
221,1.26222679392,1.90969161318,1.93704399995,0.758031772317,-0.105453569796,0.399689280642,1.45222479881,1.35400790371,-0.348399707431
222,-1.22119143725,-0.702212009952,-0.741773619824,-0.639365529957,-1.00576342193,-0.698853088286,-0.181827157677,-0.612927363713,-0.348399707431
223,1.97177485997,2.23617956607,2.27189620242,0.05933312118,3.04563091266,1.7728672418,2.26925077706,2.33747553742,-0.348399707431
224,0.907452760897,0.277251848722,1.26733959501,0.408682446748,-0.105453569796,0.948960465107,1.45222479881,1.02618535914,-0.348399707431
225,0.552678727873,1.58320366029,1.26733959501,0.758031772317,1.2450112084,1.22359605734,1.86073778794,2.00965299285,0.229165826975
226,1.26222679392,0.277251848722,0.932487392535,0.05933312118,-0.105453569796,-0.698853088286,0.226685831446,0.0427177254271,-0.348399707431
227,1.97177485997,0.277251848722,0.597635190063,0.758031772317,0.794856282335,1.7728672418,0.226685831446,-0.612927363713,-0.348399707431
228,-0.511643371198,-0.0492361041696,-0.406921417352,-0.639365529957,-0.105453569796,-0.698853088286,-0.181827157677,1.02618535914,-0.348399707431
229,1.97177485997,1.58320366029,1.60219179748,-0.290016204388,2.14532106053,1.7728672418,0.226685831446,1.68183044828,4.84969010223
230,1.61700082694,1.58320366029,1.60219179748,0.758031772317,1.2450112084,-0.424217496054,0.226685831446,2.33747553742,1.38429689579
231,1.26222679392,2.23617956607,2.27189620242,1.80607974902,1.2450112084,1.49823164957,-0.181827157677,2.33747553742,4.84969010223
232,1.97177485997,0.277251848722,-0.0720692148805,-0.290016204388,-0.105453569796,1.7728672418,0.635198820569,0.0427177254271,0.229165826975
233,0.197904694849,-0.702212009952,-0.0720692148805,0.05933312118,-0.555608495861,-0.424217496054,-0.5903401468,0.0427177254271,-0.348399707431
234,-0.511643371198,-0.702212009952,-0.741773619824,0.05933312118,-1.00576342193,-0.698853088286,-0.181827157677,-0.612927363713,-0.348399707431
235,-0.866417404222,-0.702212009952,-0.741773619824,-0.639365529957,-0.555608495861,-0.698853088286,-0.181827157677,-0.612927363713,-0.348399707431
236,-1.22119143725,-0.702212009952,-0.741773619824,-0.639365529957,-0.555608495861,0.399689280642,0.635198820569,-0.612927363713,-0.348399707431
237,-1.22119143725,-0.702212009952,-0.741773619824,-0.639365529957,-0.555608495861,-0.698853088286,-0.181827157677,-0.612927363713,-0.348399707431
238,0.197904694849,-0.702212009952,-0.741773619824,-0.290016204388,-0.555608495861,-0.424217496054,-0.181827157677,-0.612927363713,-0.348399707431
239,1.26222679392,2.23617956607,2.27189620242,1.80607974902,0.794856282335,1.7728672418,1.45222479881,1.68183044828,-0.348399707431
240,1.26222679392,0.277251848722,0.262782987591,-0.639365529957,-0.555608495861,1.49823164957,-0.181827157677,0.0427177254271,-0.348399707431
241,-0.156869338174,-0.702212009952,-0.741773619824,-0.639365529957,-0.555608495861,-0.698853088286,-0.181827157677,1.02618535914,-0.348399707431
242,-1.22119143725,-0.375724057061,-0.406921417352,-0.639365529957,-0.555608495861,-0.698853088286,-0.998853135923,-0.612927363713,-0.348399707431
243,1.97177485997,0.277251848722,0.262782987591,2.50477840016,-0.555608495861,1.7728672418,0.635198820569,0.0427177254271,0.806731361382
244,0.552678727873,-0.0492361041696,-0.0720692148805,0.758031772317,-0.105453569796,1.7728672418,-0.181827157677,0.698362814567,0.806731361382
245,0.552678727873,2.23617956607,2.27189620242,-0.290016204388,2.14532106053,1.7728672418,1.45222479881,0.0427177254271,0.806731361382
246,1.61700082694,2.23617956607,2.27189620242,-0.639365529957,3.04563091266,1.22359605734,-0.181827157677,0.0427177254271,-0.348399707431
247,0.197904694849,0.930227754505,0.932487392535,-0.290016204388,0.34470135627,1.7728672418,-0.181827157677,1.02618535914,-0.348399707431
248,-0.511643371198,-0.702212009952,-0.741773619824,-0.639365529957,-0.555608495861,-0.698853088286,-0.998853135923,-0.612927363713,-0.348399707431
249,-0.511643371198,-0.702212009952,-0.741773619824,-0.639365529957,-0.555608495861,-0.698853088286,-0.5903401468,-0.612927363713,-0.348399707431
250,-0.511643371198,-0.702212009952,-0.741773619824,-0.639365529957,-0.555608495861,-0.698853088286,-0.181827157677,-0.612927363713,-0.348399707431
251,0.197904694849,1.2567157074,1.26733959501,-0.639365529957,0.794856282335,1.22359605734,-0.181827157677,0.370540269997,-0.348399707431
252,1.97177485997,0.603739801613,1.60219179748,2.50477840016,-0.105453569796,1.7728672418,0.635198820569,-0.612927363713,0.806731361382
253,0.197904694849,2.23617956607,2.27189620242,1.10738109788,3.04563091266,1.7728672418,2.67776376618,1.02618535914,1.96186243019
254,1.26222679392,1.58320366029,1.93704399995,0.408682446748,0.794856282335,1.7728672418,1.45222479881,1.68183044828,-0.348399707431
255,1.97177485997,0.277251848722,0.262782987591,2.50477840016,1.2450112084,1.7728672418,0.635198820569,0.698362814567,-0.348399707431
256,0.907452760897,1.90969161318,0.262782987591,2.50477840016,3.04563091266,-0.149581903822,0.635198820569,0.0427177254271,0.806731361382
257,0.197904694849,-0.702212009952,0.262782987591,-0.639365529957,-0.555608495861,-0.698853088286,-0.181827157677,-0.285104819143,-0.348399707431
258,1.97177485997,2.23617956607,0.932487392535,0.05933312118,-0.105453569796,1.7728672418,0.226685831446,0.0427177254271,0.229165826975
259,-0.511643371198,-0.0492361041696,0.597635190063,-0.290016204388,-0.105453569796,1.7728672418,1.45222479881,-0.612927363713,-0.348399707431
260,1.97177485997,1.58320366029,1.60219179748,-0.290016204388,-0.105453569796,0.12505368841,1.86073778794,1.35400790371,3.69455903341
261,-1.22119143725,-0.702212009952,-0.741773619824,-0.639365529957,-0.555608495861,-0.698853088286,-0.181827157677,-0.612927363713,-0.348399707431
262,1.26222679392,0.277251848722,1.26733959501,-0.639365529957,-0.105453569796,1.7728672418,-0.181827157677,2.00965299285,0.229165826975
263,0.197904694849,-0.702212009952,-0.741773619824,-0.639365529957,-0.555608495861,-0.698853088286,-0.181827157677,-0.612927363713,-0.348399707431
264,-0.511643371198,-0.0492361041696,0.597635190063,-0.290016204388,-0.105453569796,1.7728672418,1.45222479881,-0.612927363713,-0.348399707431
265,0.907452760897,-0.375724057061,0.262782987591,-0.639365529957,-0.105453569796,0.12505368841,-0.181827157677,0.0427177254271,-0.348399707431
266,-0.511643371198,-0.702212009952,-0.741773619824,-0.639365529957,-0.555608495861,-0.698853088286,-0.181827157677,-0.285104819143,-0.348399707431
267,-0.511643371198,-0.702212009952,-0.741773619824,-0.639365529957,-0.555608495861,-0.698853088286,-0.5903401468,-0.612927363713,-0.348399707431
268,-1.22119143725,-0.702212009952,-0.741773619824,-0.639365529957,-0.555608495861,-0.698853088286,-0.5903401468,-0.612927363713,-0.348399707431
269,-1.22119143725,-0.702212009952,-0.741773619824,-0.639365529957,-0.555608495861,-0.698853088286,-0.181827157677,-0.612927363713,-0.348399707431
270,1.97177485997,0.603739801613,1.26733959501,0.05933312118,-0.105453569796,0.948960465107,-0.181827157677,0.0427177254271,3.69455903341
271,-0.511643371198,-0.702212009952,-0.741773619824,-0.639365529957,-0.555608495861,-0.698853088286,-0.181827157677,-0.612927363713,-0.348399707431
272,-0.866417404222,-0.702212009952,-0.741773619824,-0.290016204388,-0.555608495861,-0.698853088286,-0.181827157677,-0.612927363713,-0.348399707431
273,-1.22119143725,0.277251848722,-0.0720692148805,2.50477840016,0.34470135627,1.7728672418,0.635198820569,1.02618535914,-0.348399707431
274,1.97177485997,0.277251848722,0.932487392535,-0.639365529957,-0.555608495861,1.7728672418,0.635198820569,0.0427177254271,-0.348399707431
275,0.907452760897,0.277251848722,0.597635190063,2.50477840016,-0.555608495861,1.7728672418,-0.181827157677,1.68183044828,0.229165826975
276,1.26222679392,2.23617956607,2.27189620242,2.50477840016,2.14532106053,1.7728672418,2.67776376618,1.35400790371,0.806731361382
277,1.97177485997,2.23617956607,2.27189620242,2.50477840016,3.04563091266,1.7728672418,0.226685831446,2.33747553742,4.84969010223
278,-0.511643371198,-0.702212009952,-0.741773619824,-0.639365529957,-0.105453569796,-0.698853088286,-0.5903401468,-0.612927363713,-0.348399707431
279,0.552678727873,-0.702212009952,-0.0720692148805,-0.639365529957,0.34470135627,0.399689280642,0.635198820569,2.33747553742,-0.348399707431
280,0.197904694849,0.930227754505,0.932487392535,1.80607974902,1.2450112084,1.7728672418,0.226685831446,2.33747553742,1.38429689579
281,-1.22119143725,-0.702212009952,-0.741773619824,-0.639365529957,-0.555608495861,-0.698853088286,-0.998853135923,-0.612927363713,-0.348399707431
282,-1.22119143725,-0.702212009952,-0.741773619824,-0.639365529957,-0.555608495861,-0.698853088286,-0.181827157677,-0.612927363713,-0.348399707431
283,1.97177485997,0.277251848722,0.262782987591,1.10738109788,-0.555608495861,1.7728672418,-0.5903401468,0.0427177254271,-0.348399707431
284,0.197904694849,0.603739801613,1.26733959501,1.80607974902,1.2450112084,1.7728672418,1.45222479881,0.370540269997,-0.348399707431
285,0.197904694849,-0.0492361041696,0.262782987591,0.05933312118,0.34470135627,0.399689280642,0.226685831446,1.35400790371,-0.348399707431
286,1.26222679392,-0.375724057061,-0.741773619824,-0.639365529957,0.794856282335,-0.698853088286,-0.998853135923,-0.612927363713,-0.348399707431
287,1.61700082694,-0.702212009952,-0.406921417352,1.10738109788,0.34470135627,1.7728672418,1.45222479881,1.35400790371,0.229165826975
288,1.26222679392,0.277251848722,2.27189620242,0.758031772317,0.34470135627,0.12505368841,1.45222479881,2.33747553742,-0.348399707431
289,-1.22119143725,-0.702212009952,-0.741773619824,-0.639365529957,-0.555608495861,-0.698853088286,-0.181827157677,-0.612927363713,-0.348399707431
290,1.97177485997,2.23617956607,2.27189620242,1.45673042345,2.5954759866,1.7728672418,1.45222479881,2.33747553742,4.84969010223
291,-1.22119143725,-0.702212009952,-0.741773619824,-0.639365529957,-0.555608495861,-0.698853088286,-0.181827157677,-0.612927363713,-0.348399707431
292,1.26222679392,-0.0492361041696,0.262782987591,2.15542907459,-0.105453569796,1.7728672418,-0.181827157677,0.0427177254271,-0.348399707431
293,1.97177485997,1.58320366029,0.262782987591,0.408682446748,0.34470135627,1.7728672418,-0.181827157677,2.33747553742,1.38429689579
294,-1.22119143725,-0.702212009952,-0.741773619824,-0.639365529957,-0.555608495861,-0.698853088286,-0.181827157677,-0.612927363713,-0.348399707431
295,-1.22119143725,-0.702212009952,-0.741773619824,-0.639365529957,-0.555608495861,-0.698853088286,-0.181827157677,-0.612927363713,-0.348399707431
296,0.907452760897,1.58320366029,1.26733959501,1.10738109788,0.34470135627,-0.149581903822,1.86073778794,1.68183044828,1.38429689579
297,-0.511643371198,-0.702212009952,-0.741773619824,-0.639365529957,-0.555608495861,0.399689280642,0.635198820569,-0.612927363713,-0.348399707431
298,-0.866417404222,-0.702212009952,-0.741773619824,-0.639365529957,-0.105453569796,-0.698853088286,-0.5903401468,-0.612927363713,-0.348399707431
299,-1.22119143725,-0.702212009952,-0.741773619824,-0.639365529957,-0.555608495861,-0.698853088286,-0.998853135923,-0.612927363713,-0.348399707431
300,1.26222679392,0.930227754505,0.262782987591,2.50477840016,3.04563091266,-0.698853088286,-0.181827157677,0.698362814567,-0.348399707431
301,-1.22119143725,-0.702212009952,-0.741773619824,-0.639365529957,-0.555608495861,-0.698853088286,-0.998853135923,-0.612927363713,-0.348399707431
302,-1.22119143725,-0.702212009952,-0.741773619824,-0.639365529957,-1.00576342193,-0.698853088286,-0.5903401468,-0.612927363713,-0.348399707431
303,0.197904694849,0.603739801613,0.597635190063,-0.290016204388,0.794856282335,1.7728672418,0.226685831446,0.0427177254271,-0.348399707431
304,0.552678727873,1.58320366029,1.26733959501,1.80607974902,1.2450112084,1.22359605734,1.86073778794,2.00965299285,-0.348399707431
305,-1.22119143725,-0.702212009952,-0.741773619824,-0.639365529957,0.794856282335,-0.698853088286,-0.181827157677,-0.612927363713,-0.348399707431
306,-0.156869338174,0.277251848722,0.262782987591,0.408682446748,1.2450112084,0.399689280642,1.45222479881,0.0427177254271,-0.348399707431
307,0.907452760897,0.930227754505,-0.0720692148805,-0.290016204388,0.794856282335,1.7728672418,1.45222479881,0.370540269997,2.5394279646
308,-0.511643371198,-0.702212009952,-0.741773619824,-0.639365529957,-0.555608495861,-0.698853088286,-0.181827157677,-0.612927363713,-0.348399707431
309,0.197904694849,0.277251848722,0.932487392535,2.50477840016,-0.555608495861,1.7728672418,0.226685831446,-0.612927363713,-0.348399707431
310,-1.22119143725,-0.702212009952,-0.741773619824,-0.639365529957,-0.555608495861,-0.698853088286,-0.181827157677,-0.612927363713,-0.348399707431
311,-0.511643371198,-0.375724057061,-0.406921417352,-0.639365529957,-0.555608495861,-0.698853088286,-0.5903401468,0.0427177254271,-0.348399707431
312,1.97177485997,-0.702212009952,-0.741773619824,-0.639365529957,-0.555608495861,1.7728672418,0.635198820569,0.370540269997,-0.348399707431
313,-1.22119143725,-0.702212009952,-0.741773619824,-0.639365529957,-0.555608495861,-0.698853088286,-0.5903401468,-0.612927363713,-0.348399707431
314,1.26222679392,2.23617956607,-0.0720692148805,-0.290016204388,1.2450112084,0.12505368841,-0.181827157677,2.33747553742,-0.348399707431
315,1.97177485997,0.277251848722,0.932487392535,0.408682446748,0.794856282335,1.7728672418,1.45222479881,-0.612927363713,-0.348399707431
316,1.97177485997,0.277251848722,1.26733959501,-0.290016204388,-0.555608495861,1.22359605734,1.04371180969,-0.612927363713,-0.348399707431
317,0.197904694849,-0.702212009952,-0.741773619824,-0.639365529957,-0.555608495861,-0.698853088286,-0.181827157677,-0.612927363713,0.229165826975
318,0.197904694849,-0.375724057061,-0.406921417352,-0.290016204388,-0.555608495861,-0.698853088286,-0.5903401468,-0.285104819143,-0.348399707431
319,0.197904694849,0.277251848722,0.932487392535,1.10738109788,0.34470135627,1.7728672418,0.226685831446,0.0427177254271,-0.348399707431
320,1.26222679392,0.930227754505,1.26733959501,0.05933312118,-0.105453569796,1.7728672418,-0.181827157677,0.370540269997,0.229165826975
321,-1.22119143725,-0.702212009952,-0.741773619824,-0.639365529957,-0.555608495861,-0.698853088286,-0.998853135923,-0.612927363713,-0.348399707431
322,0.552678727873,0.603739801613,0.597635190063,1.80607974902,0.34470135627,1.7728672418,-0.181827157677,0.370540269997,-0.348399707431
323,-1.22119143725,-0.702212009952,-0.741773619824,-0.639365529957,-0.555608495861,-0.698853088286,-0.181827157677,-0.612927363713,-0.348399707431
324,-1.22119143725,-0.702212009952,-0.741773619824,-0.639365529957,-1.00576342193,-0.698853088286,-0.5903401468,-0.612927363713,-0.348399707431
325,1.26222679392,0.603739801613,0.597635190063,0.758031772317,-0.555608495861,1.7728672418,0.226685831446,0.0427177254271,-0.348399707431
326,1.97177485997,-0.0492361041696,-0.0720692148805,-0.639365529957,-0.555608495861,1.7728672418,1.45222479881,1.02618535914,-0.348399707431
327,-1.22119143725,-0.702212009952,-0.741773619824,-0.639365529957,-0.555608495861,-0.698853088286,-0.181827157677,-0.612927363713,-0.348399707431
328,-0.866417404222,-0.702212009952,-0.741773619824,-0.639365529957,-0.555608495861,-0.698853088286,-0.998853135923,-0.612927363713,-0.348399707431
329,-1.22119143725,-0.702212009952,-0.741773619824,-0.639365529957,-0.555608495861,-0.698853088286,-0.998853135923,-0.612927363713,-0.348399707431
330,0.907452760897,0.930227754505,0.262782987591,1.80607974902,3.04563091266,1.7728672418,2.26925077706,0.698362814567,0.806731361382
331,-1.22119143725,-0.702212009952,-0.741773619824,-0.639365529957,-0.555608495861,-0.698853088286,-0.998853135923,-0.612927363713,-0.348399707431
332,0.197904694849,-0.375724057061,-0.406921417352,-0.290016204388,-0.105453569796,-0.698853088286,-0.998853135923,0.0427177254271,-0.348399707431
333,-1.22119143725,-0.702212009952,-0.741773619824,-0.639365529957,-1.00576342193,-0.698853088286,-0.998853135923,0.0427177254271,-0.348399707431
334,-0.511643371198,0.277251848722,0.262782987591,2.50477840016,0.794856282335,-0.698853088286,-0.181827157677,0.0427177254271,-0.348399707431
335,-0.156869338174,-0.375724057061,-0.0720692148805,0.758031772317,-0.105453569796,1.22359605734,1.45222479881,1.02618535914,-0.348399707431
336,0.197904694849,-0.702212009952,-0.741773619824,0.05933312118,-0.555608495861,-0.698853088286,-0.998853135923,-0.612927363713,-0.348399707431
337,-0.866417404222,-0.702212009952,-0.741773619824,-0.639365529957,-0.555608495861,-0.698853088286,-0.181827157677,-0.612927363713,-0.348399707431
338,-0.511643371198,0.277251848722,0.597635190063,0.05933312118,1.69516613447,-0.149581903822,0.226685831446,1.02618535914,-0.348399707431
339,-0.866417404222,1.2567157074,2.27189620242,2.50477840016,1.69516613447,1.7728672418,0.226685831446,2.00965299285,1.38429689579
340,-1.22119143725,-0.702212009952,-0.741773619824,-0.639365529957,-0.555608495861,-0.698853088286,-0.5903401468,-0.612927363713,-0.348399707431
341,-0.156869338174,-0.702212009952,-0.741773619824,-0.639365529957,-0.105453569796,-0.698853088286,-0.5903401468,-0.285104819143,-0.348399707431
342,0.197904694849,-0.0492361041696,-0.0720692148805,-0.639365529957,-0.105453569796,-0.149581903822,-0.181827157677,0.0427177254271,0.806731361382
343,1.26222679392,2.23617956607,2.27189620242,1.45673042345,3.04563091266,1.7728672418,1.45222479881,0.0427177254271,3.69455903341
344,1.26222679392,2.23617956607,0.597635190063,0.05933312118,2.14532106053,0.12505368841,0.226685831446,2.33747553742,0.806731361382
345,1.97177485997,-0.0492361041696,0.597635190063,0.408682446748,-0.105453569796,0.948960465107,-0.181827157677,0.698362814567,0.806731361382
346,0.552678727873,2.23617956607,2.27189620242,2.50477840016,3.04563091266,1.7728672418,1.86073778794,2.33747553742,4.84969010223
347,-0.511643371198,2.23617956607,-0.0720692148805,2.50477840016,1.2450112084,1.7728672418,0.635198820569,-0.612927363713,1.38429689579
348,-0.511643371198,-0.375724057061,-0.406921417352,-0.639365529957,0.34470135627,-0.149581903822,-0.5903401468,-0.612927363713,-0.348399707431
349,-0.156869338174,0.277251848722,0.262782987591,-0.290016204388,-0.555608495861,-0.149581903822,-0.5903401468,-0.612927363713,-0.348399707431
350,-0.866417404222,-0.702212009952,-0.741773619824,-0.639365529957,-0.555608495861,-0.698853088286,-0.181827157677,-0.612927363713,-0.348399707431
351,-0.866417404222,-0.702212009952,-0.741773619824,-0.639365529957,-0.555608495861,-0.698853088286,-0.5903401468,-0.612927363713,-0.348399707431
352,0.552678727873,2.23617956607,2.27189620242,2.50477840016,2.14532106053,1.7728672418,1.45222479881,2.33747553742,3.11699349901
353,0.197904694849,1.58320366029,1.60219179748,2.50477840016,0.794856282335,1.7728672418,1.86073778794,2.33747553742,0.806731361382
354,-1.22119143725,-0.702212009952,-0.0720692148805,-0.639365529957,-0.555608495861,-0.698853088286,-0.998853135923,-0.612927363713,-0.348399707431
355,-1.22119143725,-0.702212009952,-0.0720692148805,-0.639365529957,-1.00576342193,-0.698853088286,-0.5903401468,-0.612927363713,-0.348399707431
356,-0.156869338174,-0.0492361041696,-0.406921417352,-0.639365529957,-0.105453569796,-0.698853088286,-0.5903401468,-0.612927363713,-0.348399707431
357,-1.22119143725,-0.702212009952,-0.0720692148805,-0.639365529957,-0.555608495861,-0.698853088286,-0.998853135923,-0.612927363713,-0.348399707431
358,-0.156869338174,-0.702212009952,-0.406921417352,-0.639365529957,-0.555608495861,-0.698853088286,-0.5903401468,-0.612927363713,-0.348399707431
359,0.197904694849,-0.702212009952,-0.741773619824,-0.290016204388,-0.555608495861,-0.698853088286,-0.5903401468,-0.612927363713,-0.348399707431
360,-0.511643371198,-0.702212009952,-0.406921417352,-0.639365529957,-0.555608495861,-0.698853088286,-0.5903401468,-0.612927363713,-0.348399707431
361,-1.22119143725,-0.702212009952,-0.741773619824,-0.639365529957,-0.555608495861,-0.698853088286,-0.998853135923,-0.612927363713,-0.348399707431
362,-1.22119143725,-0.702212009952,-0.741773619824,-0.639365529957,-0.555608495861,-0.698853088286,-0.5903401468,-0.612927363713,-0.348399707431
363,-1.22119143725,-0.702212009952,-0.741773619824,-0.639365529957,-1.00576342193,-0.698853088286,-0.5903401468,-0.612927363713,-0.348399707431
364,-0.511643371198,-0.702212009952,-0.741773619824,0.408682446748,-0.105453569796,-0.698853088286,-0.5903401468,-0.285104819143,-0.348399707431
365,0.197904694849,-0.0492361041696,0.262782987591,-0.639365529957,0.34470135627,-0.698853088286,-0.181827157677,-0.612927363713,-0.348399707431
366,-1.22119143725,-0.702212009952,-0.741773619824,-0.639365529957,-0.555608495861,-0.698853088286,-0.998853135923,-0.612927363713,-0.348399707431
367,1.97177485997,0.930227754505,-0.0720692148805,1.10738109788,0.34470135627,1.7728672418,1.45222479881,1.68183044828,1.38429689579
368,-0.511643371198,-0.375724057061,-0.406921417352,-0.290016204388,-0.555608495861,-0.698853088286,-0.181827157677,-0.285104819143,-0.348399707431
369,-0.866417404222,-0.702212009952,-0.741773619824,-0.639365529957,-0.555608495861,-0.698853088286,-0.998853135923,-0.612927363713,-0.348399707431
370,-0.866417404222,-0.702212009952,-0.741773619824,-0.639365529957,-0.555608495861,-0.698853088286,-0.998853135923,-0.612927363713,-0.348399707431
371,-0.511643371198,-0.0492361041696,-0.406921417352,-0.290016204388,-0.105453569796,-0.698853088286,-0.998853135923,-0.285104819143,0.806731361382
372,0.907452760897,0.930227754505,0.932487392535,0.05933312118,-0.555608495861,1.7728672418,1.45222479881,-0.612927363713,-0.348399707431
373,0.197904694849,-0.0492361041696,-0.0720692148805,-0.290016204388,-0.105453569796,-0.698853088286,-0.181827157677,-0.612927363713,-0.348399707431
374,-0.866417404222,-0.702212009952,-0.741773619824,-0.639365529957,-0.555608495861,-0.698853088286,-0.5903401468,-0.285104819143,-0.348399707431
375,0.197904694849,-0.702212009952,-0.741773619824,-0.639365529957,-0.105453569796,-0.424217496054,-0.5903401468,-0.285104819143,-0.348399707431
376,-1.22119143725,-0.702212009952,-0.741773619824,-0.290016204388,-0.555608495861,-0.698853088286,-0.5903401468,-0.612927363713,-0.348399707431
377,1.97177485997,1.58320366029,1.26733959501,0.408682446748,-0.105453569796,1.7728672418,1.45222479881,2.00965299285,-0.348399707431
378,-0.511643371198,-0.702212009952,-0.741773619824,-0.639365529957,-0.555608495861,-0.698853088286,-0.5903401468,-0.612927363713,-0.348399707431
379,-1.22119143725,-0.702212009952,-0.741773619824,-0.639365529957,-1.00576342193,-0.698853088286,-0.998853135923,-0.612927363713,-0.348399707431
380,-1.22119143725,-0.375724057061,-0.0720692148805,-0.639365529957,-0.555608495861,-0.698853088286,-0.5903401468,-0.612927363713,-0.348399707431
381,-0.511643371198,-0.702212009952,-0.741773619824,-0.639365529957,-0.555608495861,-0.698853088286,-0.5903401468,-0.612927363713,-0.348399707431
382,-0.511643371198,-0.702212009952,-0.741773619824,-0.639365529957,-0.555608495861,-0.698853088286,-0.181827157677,-0.612927363713,-0.348399707431
383,-0.156869338174,-0.702212009952,-0.741773619824,-0.639365529957,-0.555608495861,-0.698853088286,-0.998853135923,-0.612927363713,-0.348399707431
384,-0.511643371198,-0.375724057061,-0.741773619824,-0.639365529957,-0.555608495861,-0.698853088286,-0.5903401468,-0.285104819143,-0.348399707431
385,-1.22119143725,-0.375724057061,-0.0720692148805,-0.639365529957,-0.555608495861,-0.698853088286,-0.998853135923,-0.612927363713,-0.348399707431
386,-0.511643371198,2.23617956607,1.60219179748,1.45673042345,1.2450112084,1.49823164957,2.26925077706,0.0427177254271,3.69455903341
387,-0.511643371198,-0.702212009952,-0.741773619824,-0.639365529957,-0.555608495861,-0.698853088286,-0.998853135923,-0.612927363713,-0.348399707431
388,0.197904694849,-0.0492361041696,-0.0720692148805,-0.639365529957,-0.555608495861,-0.698853088286,-0.5903401468,-0.612927363713,-0.348399707431
389,-0.511643371198,-0.702212009952,-0.741773619824,-0.639365529957,-0.555608495861,0.12505368841,-0.998853135923,-0.612927363713,-0.348399707431
390,-1.22119143725,-0.375724057061,-0.741773619824,0.05933312118,-0.555608495861,-0.698853088286,-0.998853135923,-0.285104819143,-0.348399707431
391,-1.22119143725,-0.702212009952,-0.741773619824,-0.639365529957,-0.555608495861,-0.698853088286,-0.5903401468,-0.612927363713,-0.348399707431
392,-0.156869338174,-0.375724057061,-0.406921417352,-0.639365529957,-0.555608495861,-0.698853088286,-0.5903401468,-0.612927363713,-0.348399707431
393,-1.22119143725,-0.702212009952,-0.741773619824,-0.639365529957,-0.555608495861,-0.698853088286,-0.5903401468,-0.612927363713,-0.348399707431
394,-0.866417404222,-0.0492361041696,-0.406921417352,-0.290016204388,-0.555608495861,-0.424217496054,-0.181827157677,-0.612927363713,-0.348399707431
395,-0.511643371198,-0.702212009952,-0.406921417352,-0.639365529957,-0.555608495861,-0.698853088286,-0.5903401468,-0.612927363713,-0.348399707431
396,-1.22119143725,-0.702212009952,-0.741773619824,-0.639365529957,-0.555608495861,-0.698853088286,-0.5903401468,-0.612927363713,-0.348399707431
397,1.97177485997,2.23617956607,2.27189620242,1.10738109788,2.14532106053,0.12505368841,1.86073778794,0.698362814567,-0.348399707431
398,0.197904694849,-0.702212009952,-0.406921417352,-0.639365529957,-0.555608495861,-0.698853088286,-0.181827157677,-0.612927363713,-0.348399707431
399,1.26222679392,0.603739801613,0.932487392535,-0.290016204388,-0.105453569796,1.7728672418,1.04371180969,1.02618535914,-0.348399707431
400,-0.511643371198,-0.0492361041696,-0.406921417352,1.10738109788,-0.105453569796,-0.149581903822,-0.181827157677,0.698362814567,-0.348399707431
401,1.26222679392,1.2567157074,1.60219179748,0.758031772317,3.04563091266,1.7728672418,1.45222479881,-0.285104819143,-0.348399707431
402,-1.22119143725,-0.702212009952,-0.741773619824,-0.639365529957,-0.555608495861,-0.698853088286,-0.5903401468,-0.612927363713,-0.348399707431
403,0.197904694849,-0.375724057061,-0.406921417352,-0.290016204388,-0.555608495861,-0.424217496054,-0.181827157677,-0.285104819143,0.229165826975
404,-0.866417404222,-0.0492361041696,-0.741773619824,-0.639365529957,0.794856282335,-0.698853088286,-0.998853135923,-0.612927363713,-0.348399707431
405,-0.511643371198,-0.375724057061,-0.406921417352,0.05933312118,-0.555608495861,-0.149581903822,-0.181827157677,-0.612927363713,-0.348399707431
406,1.97177485997,2.23617956607,2.27189620242,1.45673042345,3.04563091266,1.7728672418,1.86073778794,-0.285104819143,-0.348399707431
407,-0.156869338174,-0.0492361041696,-0.0720692148805,-0.639365529957,-0.555608495861,-0.698853088286,-0.181827157677,0.0427177254271,-0.348399707431
408,0.197904694849,-0.702212009952,-0.0720692148805,-0.639365529957,-0.555608495861,-0.698853088286,-0.5903401468,-0.612927363713,-0.348399707431
409,-0.511643371198,-0.702212009952,-0.741773619824,-0.639365529957,-0.555608495861,-0.698853088286,-0.998853135923,-0.612927363713,-0.348399707431
410,1.61700082694,2.23617956607,2.27189620242,2.50477840016,3.04563091266,1.7728672418,2.67776376618,2.33747553742,-0.348399707431
411,0.197904694849,-0.0492361041696,0.932487392535,-0.639365529957,-0.555608495861,-0.698853088286,-0.998853135923,-0.612927363713,-0.348399707431
412,1.26222679392,1.2567157074,1.60219179748,-0.290016204388,0.34470135627,-0.424217496054,0.635198820569,2.33747553742,-0.348399707431
413,-1.22119143725,-0.702212009952,-0.741773619824,-0.639365529957,-0.555608495861,-0.698853088286,-0.5903401468,-0.612927363713,-0.348399707431
414,-0.866417404222,-0.702212009952,-0.741773619824,-0.639365529957,-0.555608495861,-0.698853088286,-0.5903401468,-0.612927363713,-0.348399707431
415,-1.22119143725,-0.0492361041696,-0.741773619824,-0.639365529957,-0.555608495861,-0.698853088286,-0.5903401468,-0.285104819143,-0.348399707431
416,0.197904694849,-0.702212009952,-0.741773619824,0.05933312118,0.34470135627,-0.698853088286,-0.181827157677,-0.285104819143,-0.348399707431
417,0.197904694849,-0.702212009952,-0.741773619824,-0.639365529957,-0.555608495861,-0.698853088286,-0.5903401468,-0.285104819143,-0.348399707431
418,-0.511643371198,-0.375724057061,-0.406921417352,0.05933312118,-0.555608495861,-0.698853088286,-0.998853135923,-0.612927363713,-0.348399707431
419,0.552678727873,1.90969161318,1.26733959501,0.758031772317,0.794856282335,1.22359605734,0.226685831446,-0.285104819143,-0.348399707431
420,1.97177485997,1.58320366029,2.27189620242,-0.639365529957,-0.105453569796,1.7728672418,0.635198820569,-0.612927363713,-0.348399707431
421,1.97177485997,2.23617956607,2.27189620242,-0.639365529957,1.2450112084,-0.698853088286,-0.5903401468,1.68183044828,-0.348399707431
422,-0.156869338174,-0.702212009952,-0.741773619824,-0.639365529957,-0.555608495861,-0.698853088286,-0.998853135923,-0.612927363713,-0.348399707431
423,-0.156869338174,-0.702212009952,-0.0720692148805,0.05933312118,-0.555608495861,-0.698853088286,-0.998853135923,-0.612927363713,-0.348399707431
424,0.197904694849,-0.702212009952,-0.741773619824,-0.639365529957,-0.555608495861,-0.698853088286,-0.998853135923,-0.612927363713,-0.348399707431
425,1.97177485997,0.277251848722,-0.0720692148805,2.50477840016,0.34470135627,1.7728672418,2.67776376618,-0.612927363713,-0.348399707431
426,0.197904694849,-0.375724057061,-0.406921417352,0.408682446748,-0.555608495861,0.12505368841,-0.998853135923,-0.612927363713,-0.348399707431
427,-1.22119143725,-0.702212009952,-0.741773619824,0.05933312118,-0.555608495861,-0.149581903822,-0.998853135923,-0.612927363713,-0.348399707431
428,-1.22119143725,-0.702212009952,-0.741773619824,-0.639365529957,-0.555608495861,-0.424217496054,-0.998853135923,-0.612927363713,-0.348399707431
429,0.197904694849,-0.702212009952,-0.741773619824,1.10738109788,-0.105453569796,-0.698853088286,-0.5903401468,-0.612927363713,-0.348399707431
430,-0.866417404222,-0.702212009952,-0.741773619824,-0.639365529957,-0.555608495861,-0.698853088286,-0.998853135923,-0.612927363713,-0.348399707431
431,-1.22119143725,-0.702212009952,-0.741773619824,-0.639365529957,-0.555608495861,-0.698853088286,-0.998853135923,-0.612927363713,-0.348399707431
432,0.197904694849,-0.702212009952,-0.741773619824,-0.639365529957,-0.555608495861,-0.698853088286,-0.998853135923,-0.612927363713,-0.348399707431
433,-1.22119143725,-0.702212009952,-0.741773619824,-0.639365529957,-1.00576342193,-0.698853088286,-0.998853135923,-0.612927363713,-0.348399707431
434,0.197904694849,1.2567157074,1.93704399995,1.80607974902,1.2450112084,1.7728672418,1.86073778794,2.33747553742,-0.348399707431
435,-0.156869338174,-0.702212009952,-0.741773619824,0.05933312118,-1.00576342193,-0.698853088286,-0.5903401468,-0.612927363713,-0.348399707431
436,0.197904694849,-0.702212009952,-0.741773619824,-0.639365529957,-0.555608495861,-0.698853088286,-0.998853135923,-0.612927363713,-0.348399707431
437,-0.511643371198,-0.702212009952,-0.741773619824,0.05933312118,-0.555608495861,-0.698853088286,-0.998853135923,-0.612927363713,-0.348399707431
438,-0.156869338174,0.603739801613,0.597635190063,1.80607974902,1.2450112084,1.7728672418,2.67776376618,1.35400790371,-0.348399707431
439,-0.866417404222,-0.0492361041696,-0.741773619824,-0.639365529957,-0.105453569796,-0.698853088286,-0.998853135923,-0.612927363713,-0.348399707431
440,1.97177485997,-0.375724057061,-0.406921417352,-0.639365529957,-0.555608495861,0.674324872874,-0.998853135923,-0.612927363713,0.229165826975
441,1.97177485997,0.930227754505,0.597635190063,1.80607974902,0.794856282335,1.7728672418,1.86073778794,1.02618535914,-0.348399707431
442,1.26222679392,1.58320366029,1.93704399995,1.10738109788,1.2450112084,-0.149581903822,2.67776376618,2.33747553742,-0.348399707431
443,0.197904694849,-0.702212009952,-0.406921417352,-0.639365529957,-0.555608495861,-0.698853088286,-0.998853135923,-0.612927363713,-0.348399707431
444,0.197904694849,-0.702212009952,-0.0720692148805,-0.639365529957,-0.555608495861,-0.698853088286,-0.998853135923,-0.612927363713,-0.348399707431
445,0.197904694849,-0.702212009952,-0.741773619824,0.05933312118,-0.555608495861,-0.698853088286,-0.998853135923,-0.612927363713,-0.348399707431
446,-0.511643371198,-0.702212009952,-0.741773619824,-0.639365529957,-0.555608495861,0.399689280642,-0.998853135923,-0.612927363713,-0.348399707431
447,0.552678727873,-0.702212009952,-0.741773619824,0.05933312118,-0.555608495861,-0.698853088286,-0.998853135923,-0.612927363713,-0.348399707431
448,-0.156869338174,-0.702212009952,-0.741773619824,-0.639365529957,-0.555608495861,-0.698853088286,-0.998853135923,-0.285104819143,-0.348399707431
449,-0.156869338174,-0.702212009952,-0.741773619824,-0.639365529957,-0.555608495861,-0.698853088286,-0.998853135923,-0.612927363713,-0.348399707431
450,1.97177485997,1.90969161318,1.60219179748,1.45673042345,1.2450112084,0.12505368841,1.45222479881,2.33747553742,0.806731361382
451,1.97177485997,0.930227754505,0.932487392535,-0.290016204388,0.34470135627,1.7728672418,2.26925077706,1.35400790371,-0.348399707431
452,0.552678727873,0.930227754505,0.932487392535,0.758031772317,0.34470135627,1.7728672418,1.45222479881,1.02618535914,0.229165826975
453,-0.156869338174,-0.702212009952,-0.741773619824,-0.639365529957,-0.555608495861,-0.698853088286,-0.998853135923,-0.612927363713,-0.348399707431
454,-1.22119143725,-0.702212009952,-0.406921417352,-0.639365529957,-0.555608495861,-0.698853088286,-0.5903401468,-0.612927363713,-0.348399707431
455,-0.511643371198,-0.702212009952,-0.741773619824,-0.639365529957,-1.00576342193,-0.698853088286,-0.5903401468,-0.612927363713,-0.348399707431
456,0.552678727873,-0.702212009952,-0.741773619824,0.05933312118,-0.555608495861,-0.698853088286,-0.998853135923,-0.612927363713,-0.348399707431
457,0.552678727873,-0.702212009952,-0.741773619824,-0.639365529957,-1.00576342193,-0.698853088286,-0.998853135923,-0.612927363713,-0.348399707431
458,-0.156869338174,-0.702212009952,-0.741773619824,-0.639365529957,-0.555608495861,-0.698853088286,-0.998853135923,-0.612927363713,-0.348399707431
459,0.197904694849,-0.702212009952,-0.741773619824,-0.639365529957,-0.555608495861,-0.698853088286,-0.998853135923,-0.612927363713,-0.348399707431
460,-0.511643371198,-0.702212009952,-0.741773619824,-0.639365529957,-0.555608495861,-0.698853088286,-0.998853135923,-0.612927363713,-0.348399707431
461,-0.156869338174,-0.702212009952,-0.406921417352,-0.639365529957,-0.555608495861,-0.698853088286,-0.998853135923,-0.612927363713,-0.348399707431
462,-0.156869338174,-0.702212009952,-0.741773619824,-0.639365529957,-0.555608495861,-0.698853088286,-0.998853135923,-0.612927363713,-0.348399707431
463,0.197904694849,-0.375724057061,-0.741773619824,-0.639365529957,-0.555608495861,-0.698853088286,-0.998853135923,-0.612927363713,-0.348399707431
464,-0.156869338174,1.58320366029,1.26733959501,2.50477840016,0.34470135627,1.7728672418,1.45222479881,0.698362814567,-0.348399707431
465,0.197904694849,-0.702212009952,-0.741773619824,-0.639365529957,-1.00576342193,-0.698853088286,-0.998853135923,-0.612927363713,-0.348399707431
466,0.197904694849,-0.0492361041696,-0.406921417352,0.408682446748,-0.555608495861,-0.698853088286,-0.998853135923,-0.612927363713,-0.348399707431
467,1.61700082694,2.23617956607,2.27189620242,2.50477840016,3.04563091266,0.399689280642,2.67776376618,2.33747553742,4.84969010223
468,1.26222679392,1.2567157074,1.60219179748,0.758031772317,0.794856282335,1.7728672418,2.26925077706,2.33747553742,-0.348399707431
469,0.197904694849,-0.702212009952,-0.406921417352,-0.639365529957,-0.555608495861,-0.698853088286,-0.998853135923,-0.612927363713,-0.348399707431
470,-1.22119143725,-0.702212009952,-0.741773619824,0.05933312118,-1.00576342193,-0.149581903822,-0.998853135923,-0.612927363713,-0.348399707431
471,-0.511643371198,-0.702212009952,-0.741773619824,-0.639365529957,-1.00576342193,-0.698853088286,-0.5903401468,-0.612927363713,-0.348399707431
472,1.97177485997,2.23617956607,2.27189620242,2.50477840016,1.2450112084,1.7728672418,1.86073778794,-0.612927363713,1.96186243019
473,-0.511643371198,0.930227754505,0.262782987591,2.50477840016,-0.105453569796,-0.149581903822,-0.181827157677,0.370540269997,-0.348399707431
474,0.552678727873,-0.0492361041696,-0.406921417352,-0.639365529957,-0.105453569796,0.12505368841,0.226685831446,-0.612927363713,-0.348399707431
475,-1.22119143725,-0.702212009952,-0.741773619824,-0.639365529957,-0.555608495861,-0.698853088286,-0.998853135923,-0.612927363713,-0.348399707431
476,0.197904694849,1.58320366029,1.93704399995,0.408682446748,-0.105453569796,1.7728672418,1.45222479881,-0.612927363713,-0.348399707431
477,-0.156869338174,-0.702212009952,-0.741773619824,-0.639365529957,-1.00576342193,-0.698853088286,-0.5903401468,-0.612927363713,-0.348399707431
478,0.197904694849,2.23617956607,2.27189620242,2.50477840016,1.2450112084,1.7728672418,1.04371180969,0.698362814567,0.229165826975
479,0.197904694849,-0.702212009952,-0.406921417352,2.50477840016,0.34470135627,0.399689280642,-0.5903401468,-0.612927363713,-0.348399707431
480,-0.511643371198,-0.702212009952,-0.741773619824,-0.639365529957,-1.00576342193,-0.698853088286,-0.5903401468,-0.612927363713,-0.348399707431
481,-1.22119143725,-0.702212009952,-0.741773619824,-0.639365529957,-1.00576342193,-0.698853088286,-0.998853135923,-0.612927363713,-0.348399707431
482,-0.156869338174,-0.375724057061,-0.741773619824,-0.639365529957,-0.555608495861,-0.698853088286,-0.998853135923,-0.612927363713,-0.348399707431
483,-0.156869338174,-0.702212009952,-0.741773619824,-0.639365529957,-0.555608495861,-0.698853088286,-0.5903401468,-0.612927363713,-0.348399707431
484,-0.156869338174,-0.702212009952,-0.741773619824,-0.639365529957,-0.555608495861,-0.698853088286,-0.5903401468,-0.612927363713,-0.348399707431
485,0.552678727873,-0.702212009952,-0.741773619824,-0.639365529957,-0.555608495861,-0.698853088286,-0.181827157677,-0.612927363713,-0.348399707431
486,-0.156869338174,-0.702212009952,-0.741773619824,-0.639365529957,-0.555608495861,-0.698853088286,-0.5903401468,-0.612927363713,-0.348399707431
487,-0.156869338174,-0.702212009952,-0.741773619824,-0.290016204388,-0.555608495861,-0.698853088286,-0.5903401468,-0.612927363713,-0.348399707431
488,-0.156869338174,-0.702212009952,-0.741773619824,-0.639365529957,-0.555608495861,-0.698853088286,-0.181827157677,-0.612927363713,-0.348399707431
489,-1.22119143725,-0.702212009952,-0.741773619824,-0.639365529957,-0.555608495861,-0.698853088286,-0.998853135923,-0.612927363713,-0.348399707431
490,-0.511643371198,-0.0492361041696,-0.741773619824,-0.639365529957,-0.555608495861,-0.698853088286,-0.998853135923,-0.612927363713,-0.348399707431
491,1.26222679392,2.23617956607,2.27189620242,2.50477840016,1.69516613447,0.399689280642,0.226685831446,1.68183044828,3.11699349901
492,-1.22119143725,-0.702212009952,-0.741773619824,-0.639365529957,-0.555608495861,0.12505368841,-0.998853135923,-0.612927363713,-0.348399707431
493,0.197904694849,-0.702212009952,-0.741773619824,-0.639365529957,-0.555608495861,-0.698853088286,-0.998853135923,-0.612927363713,-0.348399707431
494,-0.866417404222,-0.702212009952,-0.741773619824,-0.639365529957,-0.555608495861,-0.698853088286,-0.998853135923,-0.612927363713,-0.348399707431
495,-1.22119143725,-0.702212009952,-0.741773619824,-0.639365529957,-0.555608495861,-0.698853088286,-0.998853135923,-0.612927363713,-0.348399707431
496,0.197904694849,-0.702212009952,-0.741773619824,-0.639365529957,-0.555608495861,-0.698853088286,-0.5903401468,-0.612927363713,-0.348399707431
497,0.197904694849,-0.702212009952,-0.741773619824,-0.639365529957,-0.555608495861,-0.698853088286,-0.998853135923,-0.612927363713,-0.348399707431
498,-0.511643371198,-0.702212009952,-0.741773619824,-0.639365529957,-1.00576342193,-0.698853088286,-0.5903401468,-0.612927363713,-0.348399707431
499,0.552678727873,0.930227754505,1.26733959501,2.50477840016,-0.105453569796,1.7728672418,1.86073778794,2.33747553742,0.229165826975
500,-0.156869338174,2.23617956607,0.262782987591,1.45673042345,-0.105453569796,1.7728672418,2.26925077706,2.33747553742,-0.348399707431
501,-1.22119143725,-0.702212009952,-0.741773619824,-0.639365529957,-1.00576342193,-0.698853088286,-0.998853135923,-0.612927363713,-0.348399707431
502,-1.22119143725,-0.702212009952,-0.741773619824,-0.639365529957,-1.00576342193,-0.698853088286,-0.5903401468,-0.612927363713,-0.348399707431
503,-0.511643371198,-0.702212009952,-0.406921417352,-0.290016204388,-0.555608495861,-0.698853088286,-0.998853135923,-0.612927363713,-0.348399707431
504,-0.156869338174,1.2567157074,1.60219179748,0.05933312118,0.34470135627,1.7728672418,2.26925077706,-0.612927363713,-0.348399707431
505,-1.22119143725,-0.702212009952,-0.741773619824,-0.639365529957,-0.105453569796,-0.698853088286,-0.998853135923,-0.612927363713,-0.348399707431
506,-0.156869338174,-0.702212009952,-0.741773619824,-0.639365529957,-0.105453569796,-0.698853088286,-0.998853135923,-0.612927363713,-0.348399707431
507,1.97177485997,0.277251848722,0.597635190063,0.408682446748,-0.105453569796,0.399689280642,1.45222479881,0.0427177254271,-0.348399707431
508,0.907452760897,0.603739801613,0.932487392535,2.50477840016,0.34470135627,1.7728672418,0.635198820569,0.0427177254271,-0.348399707431
509,-0.511643371198,-0.702212009952,-0.741773619824,-0.639365529957,-0.555608495861,-0.698853088286,-0.5903401468,-0.612927363713,-0.348399707431
510,-0.511643371198,-0.702212009952,-0.741773619824,-0.290016204388,-0.555608495861,-0.698853088286,-0.998853135923,-0.612927363713,-0.348399707431
511,-0.156869338174,-0.702212009952,-0.741773619824,-0.639365529957,-0.555608495861,-0.698853088286,-0.998853135923,-0.612927363713,-0.348399707431
512,-0.156869338174,-0.702212009952,-0.741773619824,-0.639365529957,-0.555608495861,-0.698853088286,-0.181827157677,-0.612927363713,-0.348399707431
513,0.552678727873,-0.702212009952,-0.0720692148805,-0.290016204388,-0.555608495861,-0.698853088286,-0.998853135923,-0.612927363713,-0.348399707431
514,-0.156869338174,-0.702212009952,-0.741773619824,-0.639365529957,-1.00576342193,-0.698853088286,-0.5903401468,-0.612927363713,-0.348399707431
515,0.907452760897,0.277251848722,0.262782987591,0.05933312118,0.34470135627,1.7728672418,1.04371180969,2.00965299285,-0.348399707431
516,-0.156869338174,-0.375724057061,-0.406921417352,-0.639365529957,-0.555608495861,-0.698853088286,-0.5903401468,-0.612927363713,-0.348399707431
517,-1.22119143725,-0.702212009952,-0.741773619824,-0.639365529957,-1.00576342193,-0.698853088286,-0.181827157677,-0.612927363713,-0.348399707431
518,-0.511643371198,-0.702212009952,-0.741773619824,-0.639365529957,-0.555608495861,-0.698853088286,-0.5903401468,-0.612927363713,-0.348399707431
519,-0.866417404222,-0.702212009952,-0.741773619824,-0.639365529957,-0.555608495861,-0.698853088286,-0.5903401468,-0.612927363713,-0.348399707431
520,-1.22119143725,-0.702212009952,-0.0720692148805,-0.290016204388,-0.555608495861,-0.698853088286,-0.181827157677,-0.612927363713,-0.348399707431
521,0.197904694849,-0.702212009952,-0.741773619824,-0.639365529957,-0.555608495861,-0.698853088286,-0.181827157677,-0.612927363713,-0.348399707431
522,0.197904694849,-0.702212009952,-0.406921417352,-0.639365529957,-0.555608495861,-0.698853088286,-0.181827157677,-0.612927363713,-0.348399707431
523,-0.156869338174,-0.702212009952,-0.741773619824,-0.639365529957,-0.555608495861,-0.698853088286,-0.5903401468,-0.612927363713,-0.348399707431
524,0.552678727873,-0.702212009952,-0.741773619824,-0.639365529957,-0.555608495861,-0.698853088286,-0.5903401468,-0.612927363713,-0.348399707431
525,0.197904694849,-0.702212009952,-0.741773619824,-0.639365529957,-0.555608495861,-0.424217496054,-0.5903401468,-0.612927363713,-0.348399707431
526,-0.511643371198,-0.702212009952,-0.741773619824,-0.639365529957,-0.555608495861,-0.698853088286,-0.998853135923,-0.612927363713,-0.348399707431
527,0.197904694849,-0.0492361041696,-0.741773619824,-0.639365529957,-0.555608495861,-0.698853088286,-0.998853135923,-0.612927363713,-0.348399707431
528,-0.156869338174,-0.702212009952,-0.741773619824,-0.639365529957,-0.555608495861,-0.698853088286,-0.5903401468,-0.612927363713,-0.348399707431
529,-0.866417404222,-0.702212009952,-0.0720692148805,-0.290016204388,-0.555608495861,-0.698853088286,-0.5903401468,-0.612927363713,-0.348399707431
530,0.197904694849,-0.702212009952,-0.741773619824,-0.639365529957,-0.555608495861,-0.698853088286,-0.5903401468,-0.612927363713,-0.348399707431
531,0.552678727873,2.23617956607,2.27189620242,2.50477840016,0.34470135627,1.7728672418,1.45222479881,2.33747553742,-0.348399707431
532,-0.866417404222,-0.702212009952,-0.741773619824,-0.639365529957,-1.00576342193,-0.698853088286,-0.998853135923,-0.612927363713,-0.348399707431
533,-0.511643371198,-0.702212009952,-0.741773619824,-0.639365529957,-1.00576342193,-0.698853088286,-0.998853135923,-0.612927363713,-0.348399707431
534,0.907452760897,1.58320366029,-0.0720692148805,1.45673042345,0.34470135627,0.399689280642,1.45222479881,1.68183044828,0.229165826975
535,-0.511643371198,-0.702212009952,-0.741773619824,-0.639365529957,-0.555608495861,-0.698853088286,-0.5903401468,-0.612927363713,-0.348399707431
536,-1.22119143725,-0.702212009952,-0.741773619824,-0.639365529957,-0.555608495861,-0.698853088286,-0.181827157677,-0.612927363713,-0.348399707431
537,-0.511643371198,-0.375724057061,-0.406921417352,-0.290016204388,-0.555608495861,-0.698853088286,0.226685831446,-0.285104819143,-0.348399707431
538,-0.156869338174,0.277251848722,-0.406921417352,-0.639365529957,-0.555608495861,0.399689280642,-0.5903401468,-0.612927363713,0.229165826975
539,-0.511643371198,-0.702212009952,-0.741773619824,-0.639365529957,-0.555608495861,-0.698853088286,-0.998853135923,-0.612927363713,-0.348399707431
540,-0.156869338174,-0.0492361041696,-0.741773619824,-0.639365529957,-0.555608495861,-0.698853088286,0.226685831446,1.68183044828,-0.348399707431
541,0.197904694849,-0.375724057061,-0.406921417352,-0.290016204388,-1.00576342193,-0.698853088286,-0.5903401468,-0.612927363713,-0.348399707431
542,0.197904694849,-0.702212009952,-0.741773619824,0.05933312118,-0.555608495861,-0.698853088286,-0.998853135923,-0.612927363713,-0.348399707431
543,-0.866417404222,-0.702212009952,-0.741773619824,-0.639365529957,-0.555608495861,-0.698853088286,-0.5903401468,-0.612927363713,-0.348399707431
544,0.197904694849,-0.702212009952,-0.741773619824,-0.639365529957,-0.555608495861,-0.698853088286,-0.5903401468,-0.612927363713,-0.348399707431
545,0.197904694849,-0.702212009952,-0.741773619824,-0.639365529957,-0.555608495861,-0.698853088286,-0.181827157677,-0.612927363713,-0.348399707431
546,0.197904694849,-0.702212009952,-0.741773619824,-0.639365529957,-0.555608495861,-0.698853088286,-0.181827157677,-0.612927363713,-0.348399707431
547,-1.22119143725,-0.702212009952,-0.741773619824,-0.639365529957,-0.555608495861,-0.698853088286,-0.181827157677,-0.612927363713,-0.348399707431
548,-0.511643371198,-0.702212009952,-0.741773619824,-0.639365529957,-0.555608495861,-0.698853088286,-0.5903401468,-0.612927363713,-0.348399707431
549,-0.156869338174,-0.702212009952,-0.741773619824,-0.639365529957,-0.555608495861,-0.698853088286,-0.181827157677,-0.285104819143,-0.348399707431
550,0.197904694849,1.2567157074,2.27189620242,2.50477840016,0.794856282335,1.7728672418,2.67776376618,2.33747553742,-0.348399707431
551,-0.511643371198,-0.702212009952,-0.406921417352,-0.639365529957,-0.555608495861,-0.698853088286,-0.181827157677,-0.612927363713,-0.348399707431
552,-0.156869338174,-0.702212009952,-0.741773619824,-0.639365529957,-0.555608495861,-0.149581903822,-0.5903401468,-0.612927363713,-0.348399707431
553,1.26222679392,0.277251848722,0.262782987591,-0.639365529957,1.2450112084,1.7728672418,-0.5903401468,0.698362814567,0.229165826975
554,1.97177485997,2.23617956607,1.60219179748,2.50477840016,1.2450112084,0.399689280642,2.67776376618,0.0427177254271,-0.348399707431
555,1.26222679392,2.23617956607,0.262782987591,0.408682446748,2.14532106053,1.7728672418,1.86073778794,-0.285104819143,-0.348399707431
556,0.907452760897,0.930227754505,2.27189620242,0.758031772317,-0.105453569796,1.7728672418,2.26925077706,2.33747553742,0.229165826975
557,-0.511643371198,-0.702212009952,-0.741773619824,-0.639365529957,-0.555608495861,-0.698853088286,-0.5903401468,-0.612927363713,-0.348399707431
558,-1.22119143725,-0.702212009952,-0.741773619824,-0.639365529957,-0.555608495861,-0.698853088286,-0.5903401468,-0.612927363713,-0.348399707431
559,1.97177485997,1.90969161318,1.26733959501,0.05933312118,0.34470135627,-0.424217496054,1.45222479881,1.35400790371,-0.348399707431
560,0.197904694849,-0.702212009952,-0.406921417352,-0.639365529957,-0.555608495861,-0.698853088286,-0.181827157677,-0.612927363713,-0.348399707431
561,0.197904694849,-0.702212009952,-0.741773619824,-0.639365529957,-0.555608495861,-0.698853088286,-0.5903401468,-0.612927363713,-0.348399707431
562,-1.22119143725,-0.702212009952,-0.741773619824,-0.639365529957,-0.555608495861,-0.698853088286,-0.5903401468,-0.612927363713,-0.348399707431
563,-1.22119143725,-0.702212009952,-0.741773619824,-0.639365529957,-0.555608495861,-0.698853088286,-0.5903401468,-0.612927363713,-0.348399707431
564,-1.22119143725,-0.702212009952,-0.741773619824,-0.639365529957,-0.555608495861,-0.698853088286,-0.181827157677,-0.612927363713,-0.348399707431
565,0.197904694849,-0.702212009952,-0.406921417352,-0.639365529957,-0.555608495861,-0.698853088286,-0.5903401468,-0.612927363713,-0.348399707431
566,0.197904694849,1.2567157074,2.27189620242,1.10738109788,0.794856282335,1.7728672418,1.45222479881,0.698362814567,-0.348399707431
567,0.552678727873,2.23617956607,0.597635190063,0.758031772317,0.34470135627,1.7728672418,1.04371180969,2.33747553742,-0.348399707431
568,-0.511643371198,-0.702212009952,-0.741773619824,-0.639365529957,-0.555608495861,-0.698853088286,-0.998853135923,-0.612927363713,-0.348399707431
569,0.197904694849,-0.702212009952,-0.741773619824,1.10738109788,-0.105453569796,-0.698853088286,-0.998853135923,-0.612927363713,-0.348399707431
570,-1.22119143725,-0.702212009952,-0.741773619824,-0.639365529957,-0.555608495861,-0.698853088286,-0.998853135923,-0.612927363713,-0.348399707431
571,1.26222679392,2.23617956607,2.27189620242,2.50477840016,1.2450112084,1.7728672418,2.67776376618,2.33747553742,-0.348399707431
572,0.197904694849,-0.702212009952,-0.741773619824,-0.639365529957,-0.555608495861,-0.698853088286,-0.5903401468,-0.285104819143,-0.348399707431
573,1.61700082694,1.58320366029,1.60219179748,2.15542907459,1.2450112084,-0.149581903822,0.226685831446,-0.612927363713,-0.348399707431
574,0.197904694849,-0.702212009952,-0.741773619824,-0.639365529957,-0.555608495861,-0.698853088286,-0.998853135923,-0.612927363713,-0.348399707431
575,-0.156869338174,2.23617956607,1.60219179748,0.758031772317,0.34470135627,-0.698853088286,2.67776376618,-0.612927363713,-0.348399707431
576,-0.866417404222,0.603739801613,1.26733959501,1.10738109788,0.34470135627,1.7728672418,1.45222479881,1.02618535914,-0.348399707431
577,1.97177485997,-0.0492361041696,0.262782987591,0.758031772317,-0.105453569796,1.7728672418,0.226685831446,-0.612927363713,-0.348399707431
578,0.197904694849,-0.702212009952,-0.406921417352,-0.639365529957,-0.555608495861,-0.698853088286,-0.998853135923,-0.612927363713,-0.348399707431
579,-0.156869338174,1.58320366029,0.932487392535,0.05933312118,0.34470135627,1.7728672418,1.45222479881,-0.612927363713,-0.348399707431
580,0.197904694849,-0.702212009952,-0.741773619824,-0.639365529957,-0.555608495861,-0.698853088286,-0.5903401468,-0.612927363713,-0.348399707431
581,-0.156869338174,-0.702212009952,-0.406921417352,-0.639365529957,-0.555608495861,-0.698853088286,-0.5903401468,-0.612927363713,-0.348399707431
582,0.197904694849,-0.702212009952,-0.0720692148805,-0.639365529957,-0.555608495861,-0.698853088286,-0.181827157677,-0.612927363713,-0.348399707431
583,-0.511643371198,-0.702212009952,-0.741773619824,-0.639365529957,-0.555608495861,-0.698853088286,-0.5903401468,-0.612927363713,-0.348399707431
584,0.197904694849,-0.375724057061,0.262782987591,-0.639365529957,-1.00576342193,-0.698853088286,-0.998853135923,-0.612927363713,-0.348399707431
585,-0.511643371198,-0.702212009952,-0.741773619824,-0.639365529957,-0.555608495861,-0.698853088286,-0.5903401468,-0.612927363713,-0.348399707431
586,-1.22119143725,-0.702212009952,-0.741773619824,-0.639365529957,-1.00576342193,-0.698853088286,-0.5903401468,-0.612927363713,-0.348399707431
587,-0.156869338174,-0.702212009952,-0.741773619824,-0.639365529957,-0.555608495861,-0.698853088286,-0.5903401468,-0.612927363713,-0.348399707431
588,0.197904694849,0.277251848722,0.932487392535,1.80607974902,0.34470135627,-0.698853088286,1.86073778794,2.33747553742,-0.348399707431
589,0.197904694849,-0.0492361041696,-0.406921417352,1.80607974902,0.794856282335,1.7728672418,1.86073778794,-0.612927363713,0.229165826975
590,1.97177485997,0.603739801613,2.27189620242,0.05933312118,0.794856282335,1.22359605734,1.45222479881,1.68183044828,0.806731361382
591,-0.156869338174,-0.702212009952,-0.741773619824,-0.290016204388,-0.555608495861,-0.698853088286,-0.998853135923,-0.612927363713,-0.348399707431
592,-1.22119143725,-0.702212009952,-0.741773619824,-0.639365529957,-0.555608495861,-0.698853088286,-0.998853135923,-0.612927363713,-0.348399707431
593,0.197904694849,2.23617956607,2.27189620242,2.50477840016,3.04563091266,1.7728672418,2.67776376618,-0.612927363713,-0.348399707431
594,0.197904694849,-0.702212009952,-0.741773619824,-0.639365529957,-0.555608495861,-0.698853088286,-0.998853135923,-0.612927363713,-0.348399707431
595,1.97177485997,0.277251848722,-0.0720692148805,2.50477840016,-0.105453569796,1.7728672418,1.45222479881,-0.612927363713,0.229165826975
596,0.197904694849,2.23617956607,2.27189620242,2.50477840016,0.794856282335,-0.424217496054,1.86073778794,0.698362814567,-0.348399707431
597,1.26222679392,2.23617956607,2.27189620242,2.50477840016,1.2450112084,1.7728672418,2.67776376618,2.33747553742,4.84969010223
598,-0.866417404222,-0.0492361041696,-0.741773619824,-0.639365529957,-0.555608495861,-0.698853088286,-0.5903401468,-0.612927363713,-0.348399707431
599,-0.866417404222,-0.702212009952,-0.741773619824,-0.639365529957,-1.00576342193,-0.698853088286,-0.5903401468,-0.612927363713,-0.348399707431
600,-0.156869338174,-0.702212009952,-0.0720692148805,-0.639365529957,-0.555608495861,-0.698853088286,-0.5903401468,-0.612927363713,-0.348399707431
601,-0.511643371198,-0.702212009952,-0.741773619824,-0.639365529957,-0.555608495861,-0.698853088286,-0.5903401468,-0.612927363713,-0.348399707431
602,-0.156869338174,-0.702212009952,-0.741773619824,-0.639365529957,-0.555608495861,-0.698853088286,-0.5903401468,-0.612927363713,-0.348399707431
603,0.197904694849,-0.702212009952,-0.741773619824,-0.639365529957,-0.555608495861,-0.698853088286,-0.5903401468,-0.612927363713,-0.348399707431
604,-0.511643371198,-0.702212009952,-0.741773619824,-0.639365529957,-0.555608495861,-0.698853088286,-0.5903401468,-0.612927363713,-0.348399707431
605,0.552678727873,-0.0492361041696,-0.0720692148805,0.05933312118,-0.105453569796,-0.424217496054,1.04371180969,-0.612927363713,-0.348399707431
606,0.907452760897,-0.702212009952,-0.406921417352,0.05933312118,-0.555608495861,-0.698853088286,-0.5903401468,-0.612927363713,-0.348399707431
607,-1.22119143725,-0.702212009952,-0.741773619824,-0.639365529957,-0.555608495861,-0.698853088286,-0.998853135923,-0.612927363713,-0.348399707431
608,0.197904694849,-0.702212009952,-0.741773619824,-0.290016204388,-1.00576342193,-0.698853088286,-0.5903401468,-0.612927363713,-0.348399707431
609,-0.511643371198,-0.702212009952,-0.0720692148805,-0.639365529957,-0.105453569796,0.12505368841,-0.998853135923,-0.612927363713,-0.348399707431
610,-0.156869338174,0.930227754505,0.932487392535,0.758031772317,1.69516613447,0.674324872874,1.45222479881,1.35400790371,0.806731361382
611,-0.866417404222,-0.702212009952,-0.741773619824,-0.639365529957,-0.555608495861,0.399689280642,-0.998853135923,-0.612927363713,-0.348399707431
612,-0.866417404222,-0.702212009952,-0.741773619824,-0.639365529957,-0.555608495861,-0.698853088286,-0.998853135923,-0.612927363713,-0.348399707431
613,-0.156869338174,-0.702212009952,-0.741773619824,-0.639365529957,-0.555608495861,-0.698853088286,-0.998853135923,-0.612927363713,-0.348399707431
614,0.552678727873,-0.375724057061,-0.0720692148805,-0.639365529957,-0.555608495861,-0.698853088286,-0.998853135923,-0.612927363713,-0.348399707431
615,0.197904694849,-0.702212009952,-0.741773619824,-0.639365529957,-0.555608495861,-0.698853088286,-0.5903401468,-0.612927363713,-0.348399707431
616,-1.22119143725,-0.702212009952,-0.741773619824,-0.639365529957,-0.555608495861,-0.698853088286,-0.998853135923,-0.612927363713,-0.348399707431
617,1.26222679392,1.2567157074,0.262782987591,0.408682446748,0.794856282335,-0.149581903822,0.635198820569,2.33747553742,-0.348399707431
618,-0.511643371198,-0.702212009952,-0.741773619824,-0.639365529957,-0.555608495861,-0.698853088286,-0.998853135923,-0.612927363713,-0.348399707431
619,-0.511643371198,-0.702212009952,0.262782987591,-0.639365529957,-0.555608495861,-0.698853088286,-0.998853135923,-0.612927363713,-0.348399707431
620,1.97177485997,2.23617956607,1.26733959501,1.80607974902,1.69516613447,-0.698853088286,2.67776376618,2.33747553742,0.806731361382
621,-0.156869338174,-0.375724057061,0.262782987591,0.05933312118,-0.555608495861,-0.424217496054,-0.5903401468,-0.612927363713,-0.348399707431
622,-0.156869338174,-0.702212009952,-0.741773619824,-0.639365529957,-0.555608495861,-0.698853088286,-0.998853135923,-0.612927363713,-0.348399707431
623,0.197904694849,-0.702212009952,-0.741773619824,0.05933312118,-0.555608495861,-0.698853088286,-0.998853135923,-0.612927363713,-0.348399707431
624,-0.156869338174,-0.702212009952,-0.741773619824,0.05933312118,-0.555608495861,-0.698853088286,-0.998853135923,-0.612927363713,-0.348399707431
625,-0.511643371198,-0.702212009952,-0.741773619824,-0.639365529957,-0.555608495861,-0.698853088286,-0.5903401468,-0.612927363713,-0.348399707431
626,-0.511643371198,-0.702212009952,-0.741773619824,-0.639365529957,-0.555608495861,-0.698853088286,-0.5903401468,-0.612927363713,-0.348399707431
627,-1.22119143725,-0.702212009952,-0.741773619824,-0.639365529957,-0.555608495861,-0.698853088286,-0.998853135923,-0.612927363713,-0.348399707431
628,-0.866417404222,-0.702212009952,-0.741773619824,-0.639365529957,-0.555608495861,-0.698853088286,-0.998853135923,-0.612927363713,-0.348399707431
629,-0.511643371198,-0.702212009952,-0.741773619824,-0.639365529957,-0.555608495861,-0.698853088286,-0.5903401468,-0.612927363713,-0.348399707431
630,-1.22119143725,-0.375724057061,-0.406921417352,-0.639365529957,-0.555608495861,-0.698853088286,-0.998853135923,-0.612927363713,-0.348399707431
631,-1.22119143725,-0.702212009952,-0.741773619824,0.05933312118,-0.555608495861,-0.698853088286,-0.998853135923,-0.612927363713,-0.348399707431
632,0.197904694849,2.23617956607,2.27189620242,2.50477840016,3.04563091266,-0.424217496054,2.67776376618,2.33747553742,4.84969010223
633,-0.511643371198,-0.702212009952,-0.741773619824,-0.639365529957,-0.555608495861,-0.698853088286,-0.5903401468,-0.612927363713,-0.348399707431
634,-0.511643371198,-0.702212009952,-0.741773619824,-0.290016204388,-0.105453569796,0.12505368841,-0.998853135923,-0.612927363713,-0.348399707431
635,-1.22119143725,-0.375724057061,-0.741773619824,0.05933312118,-0.555608495861,-0.698853088286,-0.5903401468,-0.612927363713,-0.348399707431
636,0.197904694849,-0.702212009952,-0.741773619824,-0.639365529957,-0.555608495861,-0.698853088286,-0.5903401468,-0.285104819143,-0.348399707431
637,-0.156869338174,-0.702212009952,-0.741773619824,-0.639365529957,-0.555608495861,-0.698853088286,-0.5903401468,-0.612927363713,-0.348399707431
638,-0.511643371198,-0.702212009952,-0.741773619824,-0.639365529957,-0.555608495861,-0.698853088286,-0.181827157677,-0.612927363713,-0.348399707431
639,-0.511643371198,-0.702212009952,-0.741773619824,-0.639365529957,-0.555608495861,-0.698853088286,-0.5903401468,-0.612927363713,-0.348399707431
640,0.197904694849,-0.702212009952,-0.741773619824,-0.639365529957,-0.555608495861,-0.698853088286,-0.5903401468,-0.612927363713,-0.348399707431
641,0.197904694849,0.277251848722,0.597635190063,-0.639365529957,2.14532106053,-0.698853088286,-0.181827157677,1.02618535914,-0.348399707431
642,0.907452760897,1.58320366029,1.60219179748,1.45673042345,-0.105453569796,1.7728672418,1.45222479881,-0.285104819143,0.806731361382
643,-1.22119143725,-0.702212009952,-0.741773619824,-0.639365529957,-0.555608495861,-0.698853088286,-0.998853135923,-0.612927363713,-0.348399707431
644,-1.22119143725,-0.702212009952,-0.741773619824,-0.639365529957,-0.555608495861,-0.698853088286,-0.5903401468,-0.612927363713,-0.348399707431
645,-0.156869338174,-0.702212009952,-0.741773619824,-0.639365529957,-0.555608495861,-0.698853088286,-0.181827157677,-0.612927363713,-0.348399707431
646,-1.22119143725,-0.702212009952,-0.0720692148805,-0.639365529957,-0.555608495861,-0.698853088286,-0.5903401468,-0.612927363713,-0.348399707431
647,-1.22119143725,-0.702212009952,-0.0720692148805,-0.639365529957,-0.555608495861,-0.698853088286,-0.5903401468,-0.612927363713,-0.348399707431
648,-0.511643371198,-0.702212009952,-0.741773619824,0.05933312118,-0.555608495861,-0.698853088286,-0.5903401468,-0.612927363713,-0.348399707431
649,-1.22119143725,-0.702212009952,-0.741773619824,-0.639365529957,-0.555608495861,-0.698853088286,-0.998853135923,-0.612927363713,-0.348399707431
650,0.197904694849,-0.375724057061,-0.406921417352,-0.290016204388,-0.555608495861,-0.698853088286,-0.998853135923,-0.612927363713,0.229165826975
651,-0.511643371198,-0.702212009952,-0.741773619824,-0.639365529957,-0.555608495861,-0.698853088286,-0.181827157677,-0.612927363713,-0.348399707431
652,0.197904694849,1.2567157074,0.262782987591,-0.639365529957,1.2450112084,-0.698853088286,1.45222479881,2.33747553742,0.806731361382
653,0.197904694849,2.23617956607,2.27189620242,1.80607974902,0.794856282335,0.399689280642,1.45222479881,2.33747553742,-0.348399707431
654,-0.511643371198,2.23617956607,1.26733959501,1.80607974902,0.794856282335,1.22359605734,1.45222479881,0.370540269997,-0.348399707431
655,-0.511643371198,-0.375724057061,-0.741773619824,-0.290016204388,-0.555608495861,-0.698853088286,-0.181827157677,-0.612927363713,-0.348399707431
656,-0.866417404222,-0.702212009952,-0.741773619824,-0.639365529957,-0.555608495861,-0.698853088286,-0.181827157677,-0.612927363713,-0.348399707431
657,0.197904694849,-0.0492361041696,-0.406921417352,-0.639365529957,-0.105453569796,-0.698853088286,-0.998853135923,-0.612927363713,-0.348399707431
658,-1.22119143725,-0.702212009952,-0.741773619824,-0.639365529957,-0.555608495861,-0.698853088286,-0.5903401468,-0.612927363713,-0.348399707431
659,-0.156869338174,-0.702212009952,0.262782987591,-0.639365529957,-0.555608495861,-0.698853088286,-0.998853135923,-0.612927363713,-0.348399707431
660,-1.22119143725,-0.702212009952,-0.406921417352,-0.639365529957,-0.555608495861,-0.698853088286,-0.5903401468,-0.612927363713,-0.348399707431
661,0.197904694849,-0.702212009952,-0.741773619824,-0.639365529957,-0.555608495861,-0.698853088286,-0.998853135923,-0.612927363713,-0.348399707431
662,-1.22119143725,-0.702212009952,-0.741773619824,-0.639365529957,-0.555608495861,-0.698853088286,-0.998853135923,-0.612927363713,-0.348399707431
663,-0.866417404222,-0.702212009952,-0.741773619824,-0.639365529957,-0.555608495861,-0.698853088286,-0.998853135923,-0.612927363713,-0.348399707431
664,1.97177485997,2.23617956607,2.27189620242,2.50477840016,0.794856282335,1.7728672418,2.67776376618,2.33747553742,3.11699349901
665,0.197904694849,2.23617956607,2.27189620242,2.50477840016,0.34470135627,1.7728672418,0.635198820569,1.02618535914,0.806731361382
666,0.197904694849,-0.702212009952,-0.741773619824,-0.639365529957,-0.555608495861,-0.698853088286,-0.181827157677,-0.285104819143,-0.348399707431
667,-1.22119143725,-0.702212009952,-0.741773619824,-0.639365529957,-0.555608495861,-0.698853088286,-0.998853135923,-0.612927363713,-0.348399707431
668,-1.22119143725,-0.702212009952,-0.741773619824,-0.639365529957,-0.555608495861,-0.698853088286,-0.998853135923,-0.612927363713,-0.348399707431
669,-1.22119143725,-0.702212009952,-0.741773619824,-0.639365529957,-0.555608495861,-0.698853088286,-0.998853135923,-0.612927363713,-0.348399707431
670,-1.22119143725,-0.702212009952,-0.741773619824,-0.639365529957,-0.555608495861,-0.698853088286,-0.998853135923,-0.612927363713,-0.348399707431
671,-0.511643371198,-0.702212009952,-0.741773619824,-0.639365529957,-0.555608495861,-0.698853088286,-0.5903401468,0.0427177254271,-0.348399707431
672,-0.156869338174,-0.702212009952,-0.741773619824,-0.639365529957,-0.555608495861,-0.698853088286,-0.998853135923,-0.612927363713,-0.348399707431
673,-1.22119143725,-0.702212009952,-0.741773619824,-0.639365529957,-0.555608495861,-0.698853088286,-0.998853135923,-0.612927363713,3.69455903341
674,-1.22119143725,-0.702212009952,-0.741773619824,0.05933312118,-0.555608495861,-0.698853088286,-0.998853135923,-0.612927363713,-0.348399707431
675,0.197904694849,2.23617956607,2.27189620242,0.758031772317,0.34470135627,0.399689280642,0.226685831446,0.370540269997,-0.348399707431
676,-0.511643371198,-0.702212009952,-0.741773619824,-0.639365529957,-0.555608495861,-0.698853088286,-0.998853135923,-0.612927363713,-0.348399707431
677,-0.511643371198,-0.702212009952,-0.741773619824,-0.639365529957,-0.555608495861,-0.698853088286,-0.5903401468,-0.612927363713,0.229165826975
678,-0.511643371198,-0.702212009952,-0.741773619824,-0.639365529957,-0.105453569796,-0.424217496054,-0.998853135923,-0.612927363713,-0.348399707431
679,-0.866417404222,-0.702212009952,-0.741773619824,-0.639365529957,-0.555608495861,-0.698853088286,-0.998853135923,-0.612927363713,-0.348399707431
680,0.197904694849,2.23617956607,2.27189620242,0.05933312118,1.69516613447,-0.149581903822,1.86073778794,2.33747553742,0.229165826975
681,-0.156869338174,1.58320366029,0.932487392535,0.408682446748,-0.105453569796,0.12505368841,2.67776376618,1.02618535914,-0.348399707431
682,-0.156869338174,1.58320366029,1.60219179748,0.758031772317,0.34470135627,0.399689280642,2.67776376618,0.370540269997,-0.348399707431
